# kind	id	asset_name	source_path	boss_enemy_id	looping	volume_gain
menu	menu_1	music_menu_1	Sounds/Game Sources/Music/Menu 1.mp3	none	true	1.0
menu	menu_2	music_menu_2	Sounds/Game Sources/Music/Menu 2.mp3	none	true	1.0
menu	menu_3	music_menu_3	Sounds/Game Sources/Music/Menu 3.mp3	none	true	1.0
menu	menu_4	music_menu_4	Sounds/Game Sources/Music/Menu 4.mp3	none	true	1.0
battle	battle_1	music_battle_1	Sounds/Game Sources/Music/Battle 1.mp3	none	true	1.0
battle	battle_2	music_battle_2	Sounds/Game Sources/Music/Battle 5.mp3	none	true	1.0
battle	battle_3	music_battle_3	Sounds/Game Sources/Music/Battle 3.mp3	none	true	1.0
battle	battle_4	music_battle_4	Sounds/Game Sources/Music/Battle 4.mp3	none	true	1.0
boss	boss_blight_treant	music_boss_blight_treant	Sounds/Game Sources/Music/The Blight Treant.mp3	the_blight_treant	true	1.0
boss	boss_forge_golem	music_boss_forge_golem	Sounds/Game Sources/Music/The Forge Golem.mp3	the_forge_golem	true	1.0
boss	boss_frostwarden	music_boss_frostwarden	Sounds/Game Sources/Music/The Frostwarden.mp3	the_frostwarden	true	1.0
boss	boss_iron_bear	music_boss_iron_bear	Sounds/Game Sources/Music/The Iron Bear.mp3	the_iron_bear	true	1.0
