id	title	slot	keywords	weight	basic_description	astral_description	basic_modifiers	astral_modifiers	basic_triggers	astral_triggers
keen	Keen	weapon	physical	12	Increase Physical damage by 1.	Increase Physical damage by 3.	damage_dealt:physical:1	damage_dealt:physical:3
serrated	Serrated	weapon	bleed	10	Increase Bleed damage by 1.	Increase Bleed damage by 2.	damage_dealt:bleed:1	damage_dealt:bleed:2
envenomed	Envenomed	weapon	poison	10	Increase Poison damage by 1.	Increase Poison damage by 2.	damage_dealt:poison:1	damage_dealt:poison:2
smoldering	Smoldering	weapon	burn	10	Increase Burn damage by 1.	Increase Burn damage by 2.	damage_dealt:burn:1	damage_dealt:burn:2
consecrated	Consecrated	weapon	holy	8	Increase Holy damage by 1.	Increase Holy damage by 3.	damage_dealt:holy:1	damage_dealt:holy:3
glacial	Glacial	weapon	freeze	8	Increase Freeze damage by 1.	Increase Freeze damage by 2.	damage_dealt:freeze:1	damage_dealt:freeze:2
channeled	Channeled	weapon	mana	8	Increase Maximum Mana by 4.	Increase Maximum Mana by 8.	maximum_mana:4	maximum_mana:8
concussive	Concussive	weapon	stun	8	Increase Stun damage by 1.	Increase Stun damage by 2.	damage_dealt:stun:1	damage_dealt:stun:2
lingering	Lingering	weapon	bleed	8	Bleed lasts 1 additional turn.	Bleed lasts 2 additional turns.	bleed_duration:1	bleed_duration:2
sentinel	Sentinel	weapon	block	8	Gain 1 additional Block.	Gain 3 additional Block.	block_gained:1	block_gained:3
fortified	Fortified	weapon	block	8	Gain 1 additional Block.	Gain 2 additional Block.	block_gained:1	block_gained:2
defenders	Defender's	weapon	block	8	Gain 2 additional Block.	Gain 4 additional Block.	block_gained:2	block_gained:4
leeching	Leeching	weapon	leech	8	Leech restores 5% more.	Leech restores 10% more.	leech_gained_percent:0.05	leech_gained_percent:0.10
bulwark	Bulwark	armor	block	12	Gain 2 additional Block.	Gain 5 additional Block.	block_gained:2	block_gained:5
vital	Vital	armor	health	10	Restore 1 additional Health.	Restore 3 additional Health.	health_restored:1	health_restored:3
emberguard	Emberguard	armor	burn,block	8	Take 10% less Burn damage.	Take 25% less Burn damage.	damage_taken_percent:burn:0.10	damage_taken_percent:burn:0.25
antidotal	Antidotal	armor	poison,health	8	Take 20% less Poison damage.	Take 30% less Poison damage.	damage_taken_percent:poison:0.20	damage_taken_percent:poison:0.30
thick-skinned	Thick-Skinned	armor	bleed	8	Take 10% less Bleed damage.	Take 25% less Bleed damage.	damage_taken_percent:bleed:0.10	damage_taken_percent:bleed:0.25
lifeweave	Lifeweave	armor	leech,health	8	Restore 1 additional Health when you Leech.	Restore 3 additional Health when you Leech.	leech_healing:1	leech_healing:3
rimed	Rimed	armor	freeze,block	8	Take 10% less Freeze damage.	Take 25% less Freeze damage.	damage_taken_percent:freeze:0.10	damage_taken_percent:freeze:0.25
insulated	Insulated	armor	stun,block	8	Take 10% less Stun damage.	Take 25% less Stun damage.	damage_taken_percent:stun:0.10	damage_taken_percent:stun:0.25
bloodbound	Bloodbound	armor	leech,bleed	8	Restore 1 additional Health when you Leech.	Restore 2 additional Health when you Leech.	leech_healing:1	leech_healing:2
hale	Hale	accessory	health	10	Increase Maximum Health by 6.	Increase Maximum Health by 12.	maximum_health:6	maximum_health:12
lucky	Lucky	accessory	gold	10	Gain 1 additional Gold.	Gain 2 additional Gold.	gold_gained:1	gold_gained:2
vampiric	Vampiric	accessory	leech	8	Leech restores 10% more Health.	Leech restores 20% more Health.	leech_gained_percent:0.10	leech_gained_percent:0.20
bloodstone	Bloodstone	accessory	leech,health	8	Leech restores 1 additional Health.	Leech restores 2 additional Health.	leech_healing:1	leech_healing:2
rime	Rime	accessory	freeze	8	Increase Freeze damage by 1.	Increase Freeze damage by 2.	damage_dealt:freeze:1	damage_dealt:freeze:2
stunning	Stunning	accessory	stun	8	Increase Stun damage by 1.	Increase Stun damage by 2.	damage_dealt:stun:1	damage_dealt:stun:2
manabound	Manabound	accessory	mana,burn,freeze	8	Increase Maximum Mana by 4.	Increase Maximum Mana by 8.	maximum_mana:4	maximum_mana:8
beastbond	Beastbond	accessory	physical	8	Increase your Companion's Physical damage by 1.	Increase your Companion's Physical damage by 2.	companion_physical_damage_dealt:1	companion_physical_damage_dealt:2
biting	Biting	accessory	bleed,leech	8	Bleed lasts 1 additional turn.	Bleed lasts 2 additional turns.	bleed_duration:1	bleed_duration:2
infected	Infected	weapon	bleed,poison	8	Dealing Bleed damage has a 35% chance to deal 1 Poison damage.	Dealing Bleed damage has a 35% chance to deal 2 Poison damage.			on_bleed_apply_poison:1|on_bleed_deal_poison_chance_percent:0.35	on_bleed_apply_poison:2|on_bleed_deal_poison_chance_percent:0.35
ashen_wake	Ashen Wake	weapon	burn,poison	8	Dealing Burn damage has a 35% chance to deal 1 Poison damage.	Dealing Burn damage has a 35% chance to deal 2 Poison damage.			on_burn_apply_poison:1|on_burn_deal_poison_chance_percent:0.35	on_burn_apply_poison:2|on_burn_deal_poison_chance_percent:0.35
cauterize	Cauterize	weapon	bleed,burn	8	Dealing Bleed damage has a 35% chance to deal 1 Burn damage.	Dealing Bleed damage has a 35% chance to deal 2 Burn damage.			on_bleed_deal_burn_damage:1|on_bleed_deal_burn_chance_percent:0.35	on_bleed_deal_burn_damage:2|on_bleed_deal_burn_chance_percent:0.35
contagion	Contagion	weapon	poison	8	Poison has a 10% chance to increase instead of decreasing.	Poison has a 20% chance to increase instead of decreasing.			poison_decay_increase_chance:0.10	poison_decay_increase_chance:0.20
shatter	Shatter	weapon	freeze	8	Deal 2 additional damage while the enemy is Frozen.	Deal 4 additional damage while the enemy is Frozen.			damage_while_target_frozen:2	damage_while_target_frozen:4
executioners	Executioner's	weapon	physical	8	Deal 2 additional damage if the enemy is below 30% Health.	Deal 3 additional damage if the enemy is below 30% Health.			damage_below_health_percent:0.30:2	damage_below_health_percent:0.30:3
riposte	Riposte	armor	physical,dodge	8	Deal 3 additional damage on your next attack after Dodging.	Deal 6 additional damage on your next attack after Dodging.			damage_after_dodge:3	damage_after_dodge:6
cascading	Cascading	armor	block	8	Gain 1 Block when your Block is broken.	Gain 2 Block when your Block is broken.			on_block_broken_block:1	on_block_broken_block:2
symbiosis	Symbiosis	accessory	leech,health	8	Companions gain 50% of your Leech.	Companions gain 100% of your Leech.			companion_leech_share_percent:0.50	companion_leech_share_percent:1.00
second_wind	Second Wind	armor	health	8	Restore 8 Health the first time you fall below 25% Health.	Restore 16 Health the first time you fall below 25% Health.			once_below_health_percent_heal:0.25:8	once_below_health_percent_heal:0.25:16
deathgrip	Deathgrip	accessory	block,health,deathsDoor	8	Gain 8 Block when on Death's Door.	Gain 16 Block when on Death's Door.			block_on_deaths_door:8	block_on_deaths_door:16
frostburn	Frostburn	accessory	burn,freeze	8	Increase Freeze damage by 2 against Burning enemies.	Increase Freeze damage by 4 against Burning enemies.			freeze_damage_while_burning:2	freeze_damage_while_burning:4
aetherward	Aetherward	accessory	mana	8	Gain 1 Block when you spend Mana.	Gain 2 Block when you spend Mana.			on_spend_mana_block:1	on_spend_mana_block:2
martyrs	Martyr's	armor	holy	10	Take 10% less Holy damage.	Take 25% less Holy damage.	damage_taken_percent:holy:0.10	damage_taken_percent:holy:0.25
sanctum	Sanctum	armor	holy,block	8	Gain 1 Block when you deal Holy damage.	Gain 2 Block when you deal Holy damage.			on_holy_damage_block:1	on_holy_damage_block:2
absolving	Absolving	accessory	holy,cleanse	8	Cleanse 1 status effect when you deal Holy damage.	Cleanse 1 status effect when you deal Holy damage.			on_holy_damage_cleanse:1	on_holy_damage_cleanse:1
beacon	Beacon	accessory	holy,health	8	Restore 1 Health when you deal Holy damage.	Restore 3 Health when you deal Holy damage.			on_holy_damage_heal:1	on_holy_damage_heal:3
windfall	Windfall	accessory	gold	8	Restore 1 Health when you gain Gold.	Restore 2 Health when you gain Gold.			on_gain_gold_heal:1	on_gain_gold_heal:2
payday	Payday	accessory	gold,dodge	8	Gain 1 Gold when you Dodge.	Gain 2 Gold when you Dodge.			on_dodge_gold:1	on_dodge_gold:2
hardened	Hardened	armor	physical	10	Take 10% less Physical damage.	Take 25% less Physical damage.	damage_taken_percent:physical:0.10	damage_taken_percent:physical:0.25
retaliatory	Retaliatory	armor	physical,thorns	8	Reflect 10% of Health lost as Physical damage.	Reflect 20% of Health lost as Physical damage.			thorns_percent:0.10	thorns_percent:0.20
shredding	Shredding	accessory	physical	8	Your Physical damage ignores 10% of enemy damage reduction.	Your Physical damage ignores 25% of enemy damage reduction.			physical_ignore_mitigation_percent:0.10	physical_ignore_mitigation_percent:0.25
knockout	Knockout	accessory	stun	8	Deal 3 Physical damage when you Stun the enemy.	Deal 5 Physical damage when you Stun the enemy.			on_stun_deal_physical:3	on_stun_deal_physical:5
dazed	Dazed	weapon	stun	8	Deal 2 additional damage while the enemy is Stunned.	Deal 4 additional damage while the enemy is Stunned.			damage_while_target_stunned:2	damage_while_target_stunned:4
branding	Branding	accessory	stun	8	Mark the enemy when they are Stunned.	Mark the enemy when they are Stunned.			on_enemy_stunned_apply_marked:true	on_enemy_stunned_apply_marked:true
elusive	Elusive	accessory	dodge	8	Gain 5% Dodge chance.	Gain 12% Dodge chance.			dodge_chance_bonus:0.05	dodge_chance_bonus:0.12
untouchable	Untouchable	armor	dodge,block	8	Gain 2 Block when you Dodge.	Gain 4 Block when you Dodge.			on_dodge_block:2	on_dodge_block:4
nullifying	Nullifying	weapon	purge,holy	8	Purge 1 status effect when you deal Holy damage.	Purge 1 status effect when you deal Holy damage.			on_holy_damage_purge:1	on_holy_damage_purge:1
disrupting	Disrupting	weapon	purge,stun	8	Purge 1 status effect when you Stun the enemy.	Purge all status effects when you Stun the enemy.			on_enemy_stunned_purge:1	on_enemy_stunned_purge_all:true
unmaking	Unmaking	weapon	purge,physical	8	Purge 1 status effect from the enemy when you Critically Hit.	Purge all status effects from the enemy when you Critically Hit.			on_critical_purge:1	on_critical_purge_all:true
siphoning	Siphoning	accessory	mana,leech	8	Restore 1 Mana when you Leech.	Restore 2 Mana when you Leech.			on_leech_restore_mana:1	on_leech_restore_mana:2
arcane_ward	Arcane Ward	armor	mana,block	8	Gain 1 Block when you gain Mana.	Gain 2 Block when you gain Mana.			on_gain_mana_block:1	on_gain_mana_block:2
gilded	Gilded	accessory	gold	8	Increase Gold gained by 10%.	Increase Gold gained by 20%.	gold_gained_percent:0.10	gold_gained_percent:0.20
bounty	Bounty	accessory	gold	8	Gain 4 Gold when you defeat an enemy.	Gain 8 Gold when you defeat an enemy.			on_defeat_enemy_gold:4	on_defeat_enemy_gold:8
blood_price	Blood Price	accessory	gold,leech	8	Gain 1 Gold when you Leech.	Gain 2 Gold when you Leech.			on_leech_gold:1	on_leech_gold:2
sidestep	Sidestep	armor	dodge,health	8	Restore 1 Health when you Dodge.	Restore 3 Health when you Dodge.			on_dodge_heal:1	on_dodge_heal:3
blur	Blur	accessory	dodge,health	8	Gain 15% Dodge chance while below 50% Health.	Gain 30% Dodge chance while below 50% Health.			dodge_chance_below_health_percent:0.50:0.15	dodge_chance_below_health_percent:0.50:0.30
bone_charm	Blood Omen	trinket	health	1	Draw a card the first time you lose Health each turn.	Draw a card the first time you lose Health each turn.			draw_on_health_loss:1	draw_on_health_loss:1
brass_censer	Toxic Incense	trinket	holy,poison	1	Deal 1 Poison damage when you deal Holy damage.	Deal 1 Poison damage when you deal Holy damage.			on_holy_damage_poison:1	on_holy_damage_poison:1
companions_collar	Loyal Companion	trinket	health,physical	1	Once per turn, healing your Companion draws a Companion card.	Once per turn, healing your Companion draws a Companion card.			healCompanionDrawsCompanionCard:true	healCompanionDrawsCompanionCard:true
cutpurse_knife	Blood Money	trinket	bleed,gold	1	Gain 1 Gold when you deal Bleed damage.	Gain 1 Gold when you deal Bleed damage.			on_bleed_damage_gold:1	on_bleed_damage_gold:1
frozen_pocketwatch	Deep Freeze	trinket	freeze	1	Freeze has a 20% chance to last an additional turn.	Freeze has a 20% chance to last an additional turn.			freeze_extend_chance_percent:0.20	freeze_extend_chance_percent:0.20
stunned_pocketwatch	Concussive Pocketwatch	trinket	stun	1	Stun has a 20% chance to last an additional turn.	Stun has a 20% chance to last an additional turn.			stun_extend_chance_percent:0.20	stun_extend_chance_percent:0.20
groves_favor	Verdant Renewal	trinket	health	1	Restore 2 Health every other turn.	Restore 2 Health every other turn.			health_per_turn:2	health_per_turn:2
icy_heart	Cold Hunger	trinket	freeze,leech	1	Your Freeze damage has a 50% chance to Leech.	Your Freeze damage has a 50% chance to Leech.			freezeDamageLeechChancePercent:0.5	freezeDamageLeechChancePercent:0.5
ironwood_buckler	Living Bulwark	trinket	block,physical	1	Gain Thorns equal to half the Block you gain.	Gain Thorns equal to half the Block you gain.			block_gain_thorns_percent:0.50	block_gain_thorns_percent:0.50
lucky_clover	Fortunate Strike	trinket	gold	1	Gain 10% Critical chance. Gain 1 Gold on Critical Hit.	Gain 10% Critical chance. Gain 1 Gold on Critical Hit.			critical_chance_bonus:0.10|on_critical_action_gold:1	critical_chance_bonus:0.10|on_critical_action_gold:1
merchants_favor	Passive Income	trinket	gold	1	Gain 1 Gold each turn.	Gain 1 Gold each turn.			gold_per_turn:1	gold_per_turn:1
meteorite	Falling Star	trinket	burn,mana	1	Burn cards can spend additional Mana to deal more damage.	Burn cards can spend additional Mana to deal more damage.			repeat_mana_empowerment:true	repeat_mana_empowerment:true
mortar_and_pestle	Toxic Remedy	trinket	health,poison	1	Deal Poison damage equal to half your Health restored.	Deal Poison damage equal to half your Health restored.			health_restored_poison_percent:0.50	health_restored_poison_percent:0.50
obsidian_hammer	Concussive Force	trinket	physical,stun	1	Physical damage builds an equal amount of Stun.	Physical damage builds an equal amount of Stun.			physical_stun_buildup_percent:1.00	physical_stun_buildup_percent:1.00
parasitic_bloom	Symbiotic Venom	trinket	poison,leech	1	Poison damage gains Leech.	Poison damage gains Leech.			poison_damage_leech:true	poison_damage_leech:true
plague_doctors_mask	Plagueward	trinket	poison,health	1	Take 50% less Poison damage.	Take 50% less Poison damage.	damage_taken_percent:poison:0.50	damage_taken_percent:poison:0.50
resonant_chimes	Resonance	trinket	mana	1	Gain 1 Mana when you play your second card each turn.	Gain 1 Mana when you play your second card each turn.			cards_played_mana:2:1	cards_played_mana:2:1
runic_quill	Arcane Script	trinket	mana	1	Draw a card the first time you spend Mana each turn.	Draw a card the first time you spend Mana each turn.			draw_on_spend_mana:1	draw_on_spend_mana:1
sin_eaters_lantern	Absolution	trinket	holy,health	1	Restore 3 Health when you remove a harmful status effect.	Restore 3 Health when you remove a harmful status effect.			on_cleanse_self_heal:3	on_cleanse_self_heal:3
smugglers_map	Hidden Cache	trinket	gold	1	Gain 4 additional Gold on victory.	Gain 4 additional Gold on victory.			victory_gold_flat:4	victory_gold_flat:4
sundering_charm	Shatterguard	trinket	physical,block	1	Physical and Stun damage remove twice as much Block.	Physical and Stun damage remove twice as much Block.			sundering_block_multiplier:1.00	sundering_block_multiplier:1.00
tattered_pages	Forbidden Knowledge	trinket	mana	1	Every other turn, lose 1 Health and draw a card	Every other turn, lose 1 Health and draw a card			forbiddenKnowledge:true	forbiddenKnowledge:true
thunderstone	Stormbreak	trinket	physical,stun	1	Deal double damage to Stunned enemies.	Deal double damage to Stunned enemies.			stunned_damage_multiplier:2.00	stunned_damage_multiplier:2.00
vanguards_crest	Martial Guard	trinket	physical,block	1	Gain Block equal to half your Physical damage.	Gain Block equal to half your Physical damage.			physical_damage_block_percent:0.50	physical_damage_block_percent:0.50
wishing_well_coin	Fickle Fortune	trinket	gold	1	On victory, gain 7 Gold or gain 3 Gold.	On victory, gain 7 Gold or gain 3 Gold.			victory_gold_coin:true	victory_gold_coin:true
whiplash	Whiplash	weapon	dodge,stun	8	Deal 3 Stun damage when you Dodge.	Deal 5 Stun damage when you Dodge.			on_dodge_deal_stun:3	on_dodge_deal_stun:5
thornwrought	Thornwrought	armor	thorns,block	8	Gain 1 Thorns at the start of combat.	Gain 3 Thorns at the start of combat.			start_battle_thorns:1	start_battle_thorns:3
barbed	Barbed	armor	thorns,physical	8	Increase Thorns damage by 1.	Increase Thorns damage by 3.			thorns_damage_flat:1	thorns_damage_flat:3
briarward	Briarward	armor	thorns,block	8	When your Block is broken, gain 2 Thorns.	When your Block is broken, gain 4 Thorns.			block_broken_thorns_flat:2	block_broken_thorns_flat:4
bloodward	Bloodward	accessory	leech,block	8	Leech has a 10% chance to also grant an equal amount of Block.	Leech has a 20% chance to also grant an equal amount of Block.			leech_block_chance_percent:0.10	leech_block_chance_percent:0.20
clearheaded	Clearheaded	accessory	cleanse,block	8	Gain 2 Block when you Cleanse a status effect.	Gain 4 Block when you Cleanse a status effect.			cleanse_self_block_flat:2	cleanse_self_block_flat:4
restorative	Restorative	accessory	cleanse,health	8	Restoring Health has a 10% chance to Cleanse 1 status effect from the target.	Restoring Health has a 20% chance to Cleanse 1 status effect from the target.			on_heal_cleanse_target_chance:0.10	on_heal_cleanse_target_chance:0.20
solace	Solace	accessory	cleanse,mana	8	Gain 1 Mana when you Cleanse a status effect.	Gain 2 Mana when you Cleanse a status effect.			on_cleanse_restore_mana:1	on_cleanse_restore_mana:2
spellrending	Spellrending	weapon	purge,mana	8	Purge 1 status effect from the enemy when you empower a card with Mana.	Purge 2 status effects from the enemy when you empower a card with Mana.			mana_empower_purge_count:1	mana_empower_purge_count:2
unraveling	Unraveling	weapon	purge,block	8	Gain 2 Block when you Purge an enemy.	Gain 4 Block when you Purge an enemy.			on_purge_gain_block:2	on_purge_gain_block:4
denouncing	Denouncing	weapon	purge,holy	8	Deal 2 Holy damage when you Purge an enemy.	Deal 4 Holy damage when you Purge an enemy.			on_purge_deal_holy_damage:2	on_purge_deal_holy_damage:4
emberwake	Emberwake	accessory	deathsDoor,burn	8	Deal 3 Burn damage when you enter Death's Door.	Deal 6 Burn damage when you enter Death's Door.			enter_deaths_door_burn_damage:3	enter_deaths_door_burn_damage:6
lastlight	Lastlight	accessory	deathsDoor	8	Gain 10% Critical chance while on Death's Door.	Gain 20% Critical chance while on Death's Door.			deaths_door_critical_chance_bonus:0.10	deaths_door_critical_chance_bonus:0.20
rekindled	Rekindled	accessory	deathsDoor,health	8	Restore 3 Health when you survive Death's Door.	Restore 6 Health when you survive Death's Door.			affix_deaths_door_survive_heal_flat:3	affix_deaths_door_survive_heal_flat:6
ironbriar	Ironbriar	armor	thorns,block	8	Gain 1 Thorns each turn you retain Block.	Gain 3 Thorns each turn you retain Block.			retained_block_thorns_flat:1	retained_block_thorns_flat:3
spiteful	Spiteful	armor	thorns,health	8	Restore 2 Health the first time Thorns deals damage each turn.	Restore 4 Health the first time Thorns deals damage each turn.			first_thorns_damage_heal_per_turn:2	first_thorns_damage_heal_per_turn:4
bristling	Bristling	armor	thorns,block	8	Increase Thorns damage by 2 while you have Block.	Increase Thorns damage by 4 while you have Block.			thorns_damage_flat_while_blocked:2	thorns_damage_flat_while_blocked:4
scarfeast	Scarfeast	weapon	physical,leech,health	8	Physical attacks gain Leech while you're below half Health	Physical attacks gain Leech while you're below half Health			physicalAttackLeechBelowHalfHealth:true	physicalAttackLeechBelowHalfHealth:true
spitebloom	Spitebloom	accessory	thorns,poison	8	When your Thorns deal damage, deal 1 Poison damage	When your Thorns deal damage, deal 3 Poison damage			poisonOnThornsDamage:1	poisonOnThornsDamage:3
bloodroot	Bloodroot	accessory	leech,health,thorns	8	When Leech restores Health while you have no Thorns, gain 1 Thorns	When Leech restores Health while you have no Thorns, gain 3 Thorns			leechThornsWithoutThorns:1	leechThornsWithoutThorns:3
heartshock	Heartshock	accessory	leech,health,stun	8	When Leech restores Health while you are below half Health, deal 1 Stun damage	When Leech restores Health while you are below half Health, deal 3 Stun damage			leechStunBelowHalfHealth:1	leechStunBelowHalfHealth:3
venomtrail	Venomtrail	weapon	poison,bleed	8	Poison deals 1 additional damage against Bleeding enemies	Poison deals 3 additional damage against Bleeding enemies			poisonDamageVsBleedingFlat:1	poisonDamageVsBleedingFlat:3
hallowguard	Hallowguard	armor	holy,block	8	When a Holy attack damages an enemy while you have no Block, gain 3 Block	When a Holy attack damages an enemy while you have no Block, gain 5 Block			holyAttackBlockIfNone:3	holyAttackBlockIfNone:5
hallowbreak	Hallowbreak	weapon	holy,stun	8	Stunned enemies take 25% more Holy damage	Stunned enemies take 35% more Holy damage			holyDamageVsStunnedPercent:0.25	holyDamageVsStunnedPercent:0.35
