node_id	title	summary	icon_id	category	tier	stage_name	cost	bonus_title	bonus_description	modifiers	production
wheatField	Wheat Field	A first field that turns quiet earth into dependable stores.	sf:leaf.fill	farming	1	Cleared Plot	wood:4|herbs:5	Increase Hero Health by 10%	Increase Hero Health by 10%\nProduce 1 Food per Day	hero.maximum_health_percent:0.1	food:1
wheatField	Wheat Field	A first field that turns quiet earth into dependable stores.	sf:leaf.fill	farming	2	Plowed Rows	wood:8|herbs:11	Increase Hero Health by 20%	Increase Hero Health by 20%\nProduce 2 Food per Day	hero.maximum_health_percent:0.2	food:2
wheatField	Wheat Field	A first field that turns quiet earth into dependable stores.	sf:leaf.fill	farming	3	Seeded Rows	wood:16|herbs:21	Increase Hero Health by 30%	Increase Hero Health by 30%\nProduce 3 Food per Day	hero.maximum_health_percent:0.3	food:3
wheatField	Wheat Field	A first field that turns quiet earth into dependable stores.	sf:leaf.fill	farming	4	Expanded Acres	wood:32|herbs:42	Increase Hero Health by 40%	Increase Hero Health by 40%\nProduce 4 Food per Day	hero.maximum_health_percent:0.4	food:4
herbGarden	Herb Garden	A small medicinal garden for tonics, reagents, and green magic.	sf:leaf.fill	farming	1	Prepared Beds	wood:4|herbs:5	Take 5% less Poison damage	Take 5% less Poison damage\nProduce 1 Herbs per Day	damage_taken_percent:poison:0.05	herbs:1
herbGarden	Herb Garden	A small medicinal garden for tonics, reagents, and green magic.	sf:leaf.fill	farming	2	Planted Beds	wood:8|herbs:11	Take 10% less Poison damage	Take 10% less Poison damage\nProduce 2 Herbs per Day	damage_taken_percent:poison:0.1	herbs:2
herbGarden	Herb Garden	A small medicinal garden for tonics, reagents, and green magic.	sf:leaf.fill	farming	3	Irrigated Beds	wood:16|herbs:21	Take 15% less Poison damage	Take 15% less Poison damage\nProduce 3 Herbs per Day	damage_taken_percent:poison:0.15	herbs:3
herbGarden	Herb Garden	A small medicinal garden for tonics, reagents, and green magic.	sf:leaf.fill	farming	4	Covered Garden	wood:32|herbs:42	Take 20% less Poison damage	Take 20% less Poison damage\nProduce 4 Herbs per Day	damage_taken_percent:poison:0.2	herbs:4
chickenCoop	Chicken Coop	A lively coop that keeps simple supplies moving between runs.	sf:bird.fill	farming	1	Coop Frame	wood:3|food:7	Companion Health rises by 10%	Companion Health rises by 10%\nProduce 1 Food per Day	companion.maximum_health_percent:0.1	food:1
chickenCoop	Chicken Coop	A lively coop that keeps simple supplies moving between runs.	sf:bird.fill	farming	2	Enclosed Coop	wood:6|food:13	Companion Health rises by 20%	Companion Health rises by 20%\nProduce 2 Food per Day	companion.maximum_health_percent:0.2	food:2
chickenCoop	Chicken Coop	A lively coop that keeps simple supplies moving between runs.	sf:bird.fill	farming	3	Nesting Boxes	wood:13|food:26	Companion Health rises by 30%	Companion Health rises by 30%\nProduce 3 Food per Day	companion.maximum_health_percent:0.3	food:3
chickenCoop	Chicken Coop	A lively coop that keeps simple supplies moving between runs.	sf:bird.fill	farming	4	Expanded Roost	wood:26|food:53	Companion Health rises by 40%	Companion Health rises by 40%\nProduce 4 Food per Day	companion.maximum_health_percent:0.4	food:4
pasture	Pasture	Open grazing land for larger stores and slower, stronger support.	sf:leaf.fill	farming	1	Fenced Ground	wood:3|food:7	Take 5% less Physical damage	Take 5% less Physical damage\nProduce 1 Hide per Day	damage_taken_percent:physical:0.05	hide:1
pasture	Pasture	Open grazing land for larger stores and slower, stronger support.	sf:leaf.fill	farming	2	Seeded Pasture	wood:6|food:13	Take 10% less Physical damage	Take 10% less Physical damage\nProduce 2 Hide per Day	damage_taken_percent:physical:0.1	hide:2
pasture	Pasture	Open grazing land for larger stores and slower, stronger support.	sf:leaf.fill	farming	3	Watering Troughs	wood:13|food:26	Take 15% less Physical damage	Take 15% less Physical damage\nProduce 3 Hide per Day	damage_taken_percent:physical:0.15	hide:3
pasture	Pasture	Open grazing land for larger stores and slower, stronger support.	sf:leaf.fill	farming	4	Sheltered Range	wood:26|food:53	Take 20% less Physical damage	Take 20% less Physical damage\nProduce 4 Hide per Day	damage_taken_percent:physical:0.2	hide:4
culinaryArts	Culinary Arts	A warm kitchen that turns the harvest into lasting strength.	sf:fork.knife	crafting	1	Cooking Hearth	food:7|herbs:4	Restore 10% more Health	Restore 10% more Health\nProduce 1 Food per Day	health_restored_percent:0.1	food:1
culinaryArts	Culinary Arts	A warm kitchen that turns the harvest into lasting strength.	sf:fork.knife	crafting	2	Work Kitchen	food:13|herbs:8	Restore 20% more Health	Restore 20% more Health\nProduce 2 Food per Day	health_restored_percent:0.2	food:2
culinaryArts	Culinary Arts	A warm kitchen that turns the harvest into lasting strength.	sf:fork.knife	crafting	3	Stone Oven	food:26|herbs:17	Restore 30% more Health	Restore 30% more Health\nProduce 3 Food per Day	health_restored_percent:0.3	food:3
culinaryArts	Culinary Arts	A warm kitchen that turns the harvest into lasting strength.	sf:fork.knife	crafting	4	Expanded Kitchen	food:53|herbs:34	Restore 40% more Health	Restore 40% more Health\nProduce 4 Food per Day	health_restored_percent:0.4	food:4
blacksmithForge	Blacksmith	A working forge for hardware, weapons, and stronger construction.	sf:hammer.fill	crafting	1	Forge Foundation	stone:3|iron:7	Increase Physical damage by 10%	Increase Physical damage by 10%\nProduce 1 Iron per Day	damage_dealt_percent:physical:0.1	iron:1
blacksmithForge	Blacksmith	A working forge for hardware, weapons, and stronger construction.	sf:hammer.fill	crafting	2	Hearth and Anvil	stone:6|iron:14	Increase Physical damage by 15%	Increase Physical damage by 15%\nAstral forge odds rise by 10%\nProduce 2 Iron per Day	damage_dealt_percent:physical:0.15	iron:2
blacksmithForge	Blacksmith	A working forge for hardware, weapons, and stronger construction.	sf:hammer.fill	crafting	3	Covered Smithy	stone:13|iron:28	Increase Physical damage by 20%	Increase Physical damage by 20%\nAstral forge odds rise by 20%\nProduce 3 Iron per Day	damage_dealt_percent:physical:0.2	iron:3
blacksmithForge	Blacksmith	A working forge for hardware, weapons, and stronger construction.	sf:hammer.fill	crafting	4	Reinforced Forge	stone:26|iron:55	Increase Physical damage by 25%	Increase Physical damage by 25%\nAstral forge odds rise by 30%\nProduce 4 Iron per Day	damage_dealt_percent:physical:0.25	iron:4
woolTailoring	Wool Tailoring	A loom shop that weaves padded wraps against winter chill.	sf:scissors	crafting	1	Loom Frame	wood:2|hide:7	Take 5% less Freeze damage	Take 5% less Freeze damage\nTake 5% less Burn damage\nProduce 1 Gold per Day	damage_taken_percent:freeze:0.05|damage_taken_percent:burn:0.05	gold:1
woolTailoring	Wool Tailoring	A loom shop that weaves padded wraps against winter chill.	sf:scissors	crafting	2	Working Loom	wood:5|hide:13	Take 10% less Freeze damage	Take 10% less Freeze damage\nTake 10% less Burn damage\nProduce 2 Gold per Day	damage_taken_percent:freeze:0.1|damage_taken_percent:burn:0.1	gold:2
woolTailoring	Wool Tailoring	A loom shop that weaves padded wraps against winter chill.	sf:scissors	crafting	3	Tailor Shop	wood:10|hide:27	Take 15% less Freeze damage	Take 15% less Freeze damage\nTake 15% less Burn damage\nProduce 3 Gold per Day	damage_taken_percent:freeze:0.15|damage_taken_percent:burn:0.15	gold:3
woolTailoring	Wool Tailoring	A loom shop that weaves padded wraps against winter chill.	sf:scissors	crafting	4	Insulated Workroom	wood:19|hide:53	Take 20% less Freeze damage	Take 20% less Freeze damage\nTake 20% less Burn damage\nProduce 4 Gold per Day	damage_taken_percent:freeze:0.2|damage_taken_percent:burn:0.2	gold:4
alchemyLab	Alchemy Lab	A precise workspace for reagents, tonics, and restorative experiments.	sf:flask.fill	alchemy	1	Workbench	stone:5|herbs:4	Increase Poison damage by 10%	Increase Poison damage by 10%\nProduce 1 Herbs per Day	damage_dealt_percent:poison:0.1	herbs:1
alchemyLab	Alchemy Lab	A precise workspace for reagents, tonics, and restorative experiments.	sf:flask.fill	alchemy	2	Laboratory Shelves	stone:10|herbs:8	Increase Poison damage by 15%	Increase Poison damage by 15%\nProduce 2 Herbs per Day	damage_dealt_percent:poison:0.15	herbs:2
alchemyLab	Alchemy Lab	A precise workspace for reagents, tonics, and restorative experiments.	sf:flask.fill	alchemy	3	Distilling Station	stone:19|herbs:17	Increase Poison damage by 20%	Increase Poison damage by 20%\nProduce 3 Herbs per Day	damage_dealt_percent:poison:0.2	herbs:3
alchemyLab	Alchemy Lab	A precise workspace for reagents, tonics, and restorative experiments.	sf:flask.fill	alchemy	4	Sealed Laboratory	stone:38|herbs:34	Increase Poison damage by 25%	Increase Poison damage by 25%\nProduce 4 Herbs per Day	damage_dealt_percent:poison:0.25	herbs:4
crystalGarden	Crystal Garden	A luminous garden where rare formations grow around quiet magic.	sf:diamond.fill	alchemy	1	Crystal Beds	stone:5|gems:4	Increase Critical damage by 10%	Increase Critical damage by 10%\nProduce 1 Gems per Day\nProduce 1 Stone per Day	critical_damage_percent:0.1	gems:1|stone:1
crystalGarden	Crystal Garden	A luminous garden where rare formations grow around quiet magic.	sf:diamond.fill	alchemy	2	Covered Beds	stone:10|gems:8	Increase Critical damage by 20%	Increase Critical damage by 20%\nProduce 2 Gems per Day\nProduce 2 Stone per Day	critical_damage_percent:0.2	gems:2|stone:2
crystalGarden	Crystal Garden	A luminous garden where rare formations grow around quiet magic.	sf:diamond.fill	alchemy	3	Growth Chambers	stone:19|gems:17	Increase Critical damage by 30%	Increase Critical damage by 30%\nProduce 3 Gems per Day\nProduce 3 Stone per Day	critical_damage_percent:0.3	gems:3|stone:3
crystalGarden	Crystal Garden	A luminous garden where rare formations grow around quiet magic.	sf:diamond.fill	alchemy	4	Crystal Conservatory	stone:38|gems:34	Increase Critical damage by 40%	Increase Critical damage by 40%\nProduce 4 Gems per Day\nProduce 4 Stone per Day	critical_damage_percent:0.4	gems:4|stone:4
runesmithWorkshop	Runesmith	A careful workshop where metalwork and crystal study meet.	sf:wand.and.stars	crafting	1	Inscription Table	iron:9|gems:2	Increase Freeze damage by 10%	Increase Freeze damage by 10%\nIncrease Holy damage by 10%\nProduce 1 Gems per Day	damage_dealt_percent:freeze:0.1|damage_dealt_percent:holy:0.1	gems:1
runesmithWorkshop	Runesmith	A careful workshop where metalwork and crystal study meet.	sf:wand.and.stars	crafting	2	Engraving Bench	iron:18|gems:4	Increase Freeze damage by 15%	Increase Freeze damage by 15%\nIncrease Holy damage by 15%\nProduce 2 Gems per Day	damage_dealt_percent:freeze:0.15|damage_dealt_percent:holy:0.15	gems:2
runesmithWorkshop	Runesmith	A careful workshop where metalwork and crystal study meet.	sf:wand.and.stars	crafting	3	Rune Forge	iron:37|gems:8	Increase Freeze damage by 20%	Increase Freeze damage by 20%\nIncrease Holy damage by 20%\nProduce 3 Gems per Day	damage_dealt_percent:freeze:0.2|damage_dealt_percent:holy:0.2	gems:3
runesmithWorkshop	Runesmith	A careful workshop where metalwork and crystal study meet.	sf:wand.and.stars	crafting	4	Expanded Workshop	iron:74|gems:17	Increase Freeze damage by 25%	Increase Freeze damage by 25%\nIncrease Holy damage by 25%\nProduce 4 Gems per Day	damage_dealt_percent:freeze:0.25|damage_dealt_percent:holy:0.25	gems:4
hunterLodge	Hunter's Lodge	A trail lodge for companion drills and field craft.	sf:figure.archery	training	1	Trail Shelter	wood:2|hide:7	Companion damage rises by 5%	Companion damage rises by 5%\nProduce 1 Hide per Day	companion.companion_damage_dealt_percent:0.05	hide:1
hunterLodge	Hunter's Lodge	A trail lodge for companion drills and field craft.	sf:figure.archery	training	2	Timber Lodge	wood:5|hide:13	Companion damage rises by 10%	Companion damage rises by 10%\nProduce 2 Hide per Day	companion.companion_damage_dealt_percent:0.1	hide:2
hunterLodge	Hunter's Lodge	A trail lodge for companion drills and field craft.	sf:figure.archery	training	3	Gear Room	wood:10|hide:27	Companion damage rises by 15%	Companion damage rises by 15%\nProduce 3 Hide per Day	companion.companion_damage_dealt_percent:0.15	hide:3
hunterLodge	Hunter's Lodge	A trail lodge for companion drills and field craft.	sf:figure.archery	training	4	Training Yard	wood:19|hide:53	Companion damage rises by 20%	Companion damage rises by 20%\nProduce 4 Hide per Day	companion.companion_damage_dealt_percent:0.2	hide:4
agilityTraining	Agility Training	A practice yard that sharpens companion footwork and reflexes.	sf:figure.run	training	1	Practice Ground	food:4|hide:6	Companion Dodge chance +2%	Companion Dodge chance +2%	companion.dodge_chance_bonus:0.02	""
agilityTraining	Agility Training	A practice yard that sharpens companion footwork and reflexes.	sf:figure.run	training	2	Obstacle Course	food:9|hide:11	Companion Dodge chance +4%	Companion Dodge chance +4%	companion.dodge_chance_bonus:0.04	""
agilityTraining	Agility Training	A practice yard that sharpens companion footwork and reflexes.	sf:figure.run	training	3	Training Yard	food:18|hide:23	Companion Dodge chance +6%	Companion Dodge chance +6%	companion.dodge_chance_bonus:0.06	""
agilityTraining	Agility Training	A practice yard that sharpens companion footwork and reflexes.	sf:figure.run	training	4	Training Pavilion	food:35|hide:46	Companion Dodge chance +8%	Companion Dodge chance +8%	companion.dodge_chance_bonus:0.08	""
moonlitSanctum	Moonlit Sanctum	A quiet sanctum for sensing rare finds and unnatural threats.	sf:moon.stars.fill	arcana	1	Shrine Foundation	herbs:4|gems:6	Astral drop rates rise by 5%	Astral drop rates rise by 5%\nFind 5% more Gems	astral_chance:5|gems_find_percent:5	""
moonlitSanctum	Moonlit Sanctum	A quiet sanctum for sensing rare finds and unnatural threats.	sf:moon.stars.fill	arcana	2	Enclosed Shrine	herbs:8|gems:13	Astral drop rates rise by 10%	Astral drop rates rise by 10%\nFind 10% more Gems	astral_chance:10|gems_find_percent:10	""
moonlitSanctum	Moonlit Sanctum	A quiet sanctum for sensing rare finds and unnatural threats.	sf:moon.stars.fill	arcana	3	Observation Chamber	herbs:17|gems:25	Astral drop rates rise by 15%	Astral drop rates rise by 15%\nFind 15% more Gems	astral_chance:15|gems_find_percent:15	""
moonlitSanctum	Moonlit Sanctum	A quiet sanctum for sensing rare finds and unnatural threats.	sf:moon.stars.fill	arcana	4	Observatory Tower	herbs:34|gems:50	Astral drop rates rise by 20%	Astral drop rates rise by 20%\nFind 20% more Gems	astral_chance:20|gems_find_percent:20	""
wishingWell	Wishing Well	A quiet landmark for late goals, rare finds, and lucky returns.	sf:water.waves	arcana	1	Dug Shaft	gems:5|gold:5	Find 5% more Gold	Find 5% more Gold\nProduce 1 Gold per Day	gold_find:5	gold:1
wishingWell	Wishing Well	A quiet landmark for late goals, rare finds, and lucky returns.	sf:water.waves	arcana	2	Stone Lining	gems:11|gold:10	Find 10% more Gold	Find 10% more Gold\nProduce 2 Gold per Day	gold_find:10	gold:2
wishingWell	Wishing Well	A quiet landmark for late goals, rare finds, and lucky returns.	sf:water.waves	arcana	3	Covered Well	gems:21|gold:20	Find 15% more Gold	Find 15% more Gold\nProduce 3 Gold per Day	gold_find:15	gold:3
wishingWell	Wishing Well	A quiet landmark for late goals, rare finds, and lucky returns.	sf:water.waves	arcana	4	Wellhouse	gems:42|gold:40	Find 20% more Gold	Find 20% more Gold\nProduce 4 Gold per Day	gold_find:20	gold:4
transmutationCrucible	Crucible	An alchemical blast furnace catalyzing raw ore into refined metals.	sf:flame.fill	alchemy	1	Smelting Kiln	stone:5|iron:5	Increase Burn damage by 10%	Increase Burn damage by 10%\nProduce 1 Iron per Day	damage_dealt_percent:burn:0.1	iron:1
transmutationCrucible	Crucible	An alchemical blast furnace catalyzing raw ore into refined metals.	sf:flame.fill	alchemy	2	Bellows Crucible	stone:10|iron:9	Increase Burn damage by 15%	Increase Burn damage by 15%\nProduce 2 Iron per Day	damage_dealt_percent:burn:0.15	iron:2
transmutationCrucible	Crucible	An alchemical blast furnace catalyzing raw ore into refined metals.	sf:flame.fill	alchemy	3	Sealed Converter	stone:19|iron:18	Increase Burn damage by 20%	Increase Burn damage by 20%\nProduce 3 Iron per Day	damage_dealt_percent:burn:0.2	iron:3
transmutationCrucible	Crucible	An alchemical blast furnace catalyzing raw ore into refined metals.	sf:flame.fill	alchemy	4	Transmutation Foundry	stone:38|iron:37	Increase Burn damage by 25%	Increase Burn damage by 25%\nProduce 4 Iron per Day	damage_dealt_percent:burn:0.25	iron:4
mycologyCellar	Mycology Cellar	A shaded cellar cultivating parasitic fungi and potent reagents.	sf:cross.vial.fill	alchemy	1	Spore Bed	stone:5|herbs:4	Leech restores 5% more Health	Leech restores 5% more Health\nProduce 1 Herbs per Day	leech_healing_percent:0.05	herbs:1
mycologyCellar	Mycology Cellar	A shaded cellar cultivating parasitic fungi and potent reagents.	sf:cross.vial.fill	alchemy	2	Mushroom Rack	stone:10|herbs:8	Leech restores 10% more Health	Leech restores 10% more Health\nProduce 2 Herbs per Day	leech_healing_percent:0.1	herbs:2
mycologyCellar	Mycology Cellar	A shaded cellar cultivating parasitic fungi and potent reagents.	sf:cross.vial.fill	alchemy	3	Spore Incubator	stone:19|herbs:17	Leech restores 15% more Health	Leech restores 15% more Health\nProduce 3 Herbs per Day	leech_healing_percent:0.15	herbs:3
mycologyCellar	Mycology Cellar	A shaded cellar cultivating parasitic fungi and potent reagents.	sf:cross.vial.fill	alchemy	4	Fungal Sanctum	stone:38|herbs:34	Leech restores 20% more Health	Leech restores 20% more Health\nProduce 4 Herbs per Day	leech_healing_percent:0.2	herbs:4
sparringGrounds	Sparring Grounds	A sandy martial yard for close-quarters parrying and shield drills.	sf:shield.checkered	training	1	Chalk Circle	wood:5|stone:3	Gain 10% more Block	Gain 10% more Block\nProduce 1 Iron per Day	block_gained_percent:0.1	iron:1
sparringGrounds	Sparring Grounds	A sandy martial yard for close-quarters parrying and shield drills.	sf:shield.checkered	training	2	Padded Stakes	wood:10|stone:6	Gain 20% more Block	Gain 20% more Block\nProduce 2 Iron per Day	block_gained_percent:0.2	iron:2
sparringGrounds	Sparring Grounds	A sandy martial yard for close-quarters parrying and shield drills.	sf:shield.checkered	training	3	Timber Ring	wood:19|stone:13	Gain 30% more Block	Gain 30% more Block\nProduce 3 Iron per Day	block_gained_percent:0.3	iron:3
sparringGrounds	Sparring Grounds	A sandy martial yard for close-quarters parrying and shield drills.	sf:shield.checkered	training	4	Champion's Circle	wood:38|stone:26	Gain 40% more Block	Gain 40% more Block\nProduce 4 Iron per Day	block_gained_percent:0.4	iron:4
archeryRange	Archery Range	Distance butts and fletching benches for long-range marksmanship.	sf:figure.archery	training	1	Target Bale	wood:5|hide:4	Bow and Crossbow damage +5%	Bow and Crossbow damage +5%\nProduce 1 Wood per Day	ranged_damage_dealt_percent:0.05	wood:1
archeryRange	Archery Range	Distance butts and fletching benches for long-range marksmanship.	sf:figure.archery	training	2	Shooting Line	wood:10|hide:8	Bow and Crossbow damage +10%	Bow and Crossbow damage +10%\nProduce 2 Wood per Day	ranged_damage_dealt_percent:0.1	wood:2
archeryRange	Archery Range	Distance butts and fletching benches for long-range marksmanship.	sf:figure.archery	training	3	Wind-Flag Range	wood:19|hide:15	Bow and Crossbow damage +15%	Bow and Crossbow damage +15%\nProduce 3 Wood per Day	ranged_damage_dealt_percent:0.15	wood:3
archeryRange	Archery Range	Distance butts and fletching benches for long-range marksmanship.	sf:figure.archery	training	4	Master Archery Butt	wood:38|hide:30	Bow and Crossbow damage +20%	Bow and Crossbow damage +20%\nProduce 4 Wood per Day	ranged_damage_dealt_percent:0.2	wood:4
library	Library	Ancient knowledge turns hard-won experience into lasting insight.	sf:books.vertical.fill	arcana	1	Scribe Desk	wood:5|gems:4	Gain 5% more Experience	Gain 5% more Experience	experience_percent:5	""
library	Library	Ancient knowledge turns hard-won experience into lasting insight.	sf:books.vertical.fill	arcana	2	Scroll Archive	wood:10|gems:8	Gain 10% more Experience	Gain 10% more Experience	experience_percent:10	""
library	Library	Ancient knowledge turns hard-won experience into lasting insight.	sf:books.vertical.fill	arcana	3	Illuminated Study	wood:19|gems:17	Gain 15% more Experience	Gain 15% more Experience	experience_percent:15	""
library	Library	Ancient knowledge turns hard-won experience into lasting insight.	sf:books.vertical.fill	arcana	4	Grand Library	wood:38|gems:34	Gain 20% more Experience	Gain 20% more Experience	experience_percent:20	""
leylineEnergy	Leyline Energy	Luminous subterranean fissures channeling raw planar magic up from deep leylines.	sf:bolt.fill	arcana	1	Glowing Fissure	stone:5|gems:4	Restore 10% more Mana	Restore 10% more Mana\nProduce 1 Gems per Day	mana_restored_percent:0.1	gems:1
leylineEnergy	Leyline Energy	Luminous subterranean fissures channeling raw planar magic up from deep leylines.	sf:bolt.fill	arcana	2	Resonant Fault	stone:10|gems:8	Restore 20% more Mana	Restore 20% more Mana\nProduce 2 Gems per Day	mana_restored_percent:0.2	gems:2
leylineEnergy	Leyline Energy	Luminous subterranean fissures channeling raw planar magic up from deep leylines.	sf:bolt.fill	arcana	3	Surging Rift	stone:19|gems:17	Restore 30% more Mana	Restore 30% more Mana\nProduce 3 Gems per Day	mana_restored_percent:0.3	gems:3
leylineEnergy	Leyline Energy	Luminous subterranean fissures channeling raw planar magic up from deep leylines.	sf:bolt.fill	arcana	4	Planar Confluence	stone:38|gems:34	Restore 40% more Mana	Restore 40% more Mana\nProduce 4 Gems per Day	mana_restored_percent:0.4	gems:4
