id	name	icon_id	description	modifiers	triggers
knight_block_t1_1	Bastion Stance	sf:shield.fill	Start combat with 6 Block		startBattleBlock:6
knight_block_t1_2	Spiked Barricade	sf:asterisk	Thorns damage is doubled while you have Block		thornsDamageDoubleWhileBlocked:true
knight_block_t2_1	Intercede	sf:shield.lefthalf.filled	Your Block also absorbs damage dealt to your Companion		blockAbsorbsCompanionDamage:true
knight_block_t2_2	Guarded Impact	sf:bolt.shield.fill	Physical damage is increased by 25% of your Block		physicalDamageFromBlockPercent:0.25
knight_block_t3_1	Consecration	sf:sparkles	With Block, take half Burn, Poison, and Bleed damage		blockHalvesDoTDamage:true
knight_block_t3_2	Unbreakable	sf:checkmark.shield.fill	Keep 75% of your Block between turns		blockRetainsThreeQuarters:true
knight_holy_t1_1	Oathbound	sf:checkmark.seal.fill	Holy damage is increased by 25% while you have Block		holyDamageWhileBlockedMultiplier:1.25
knight_holy_t1_2	Pure Radiance	sf:sunrise.fill	Holy damage is increased by 50% against enemy Block		holyBlockBreakMultiplier:1.5
knight_holy_t2_1	Holy Infusion	sf:cross.fill	Your Thorns deal Holy instead of Physical damage		thornsDealHoly:true
knight_holy_t2_2	Shield Shatter	sf:shield.slash.fill	Holy attacks ignore half enemy Block		holyBlockIgnorePercent:0.5
knight_holy_t3_1	Smite the Wicked	sf:sun.max.fill	Purging an enemy doubles your next Holy attack		purgePreparesDoubleHolyAttack:true
knight_holy_t3_2	Divine Blessing	sf:heart.fill	Holy damage has a 10% chance to revive your Companion		holyDamageReviveCompanionChancePercent:0.10
knight_stun_t1_1	Heavy Flail	sf:hammer.fill	Deal 3 additional damage to Stunned enemies		damageWhileTargetStunnedBonus:3
knight_stun_t1_2	Concussive Blow	sf:bolt.fill	Stunned enemies deal half damage when they recover		stunnedEnemyNextTurnDamageMultiplier:0.5
knight_stun_t2_1	Skullcracker	sf:hammer.fill	Stun Critical Hits deal double damage		stunCriticalDamageMultiplier:2
knight_stun_t2_2	Second Wind	sf:wind	When Stun ends, draw a card		onEnemyStunRecoverDrawCard:1
knight_stun_t3_1	Searing Bind	sf:lock.fill	Stun lasts 1 extra turn on Burning enemies		stunExtendVsBurning:true
knight_stun_t3_2	Crusader's Mark	sf:target	Holy damage is increased by 5 against Stunned enemies		holyDamageVsStunnedBonus:5
rogue_poison_t1_1	Toxic Coating	sf:flask.fill	Bleeding enemies take 25% increased Poison damage		poisonDamageVsBleedingMultiplier:1.25
rogue_poison_t1_2	Lingering Toxin	sf:hourglass.bottomhalf.filled	Poison fades 25% slower		poisonDecaySlowPercent:0.25
rogue_poison_t2_1	Noxious Reaction	sf:microbe.fill	Poison Critical Hits make your next Bleed attack Critically Hit		poisonCritPreparesBleedCrit:true
rogue_poison_t2_2	Blinding Fumes	sf:eye.slash.fill	Poisoned enemies deal 20% less damage		poisonedEnemyAccuracyPenaltyPercent:0.20
rogue_poison_t3_1	Contagion	sf:arrow.clockwise	Poison damage has a 25% chance to grow instead of fading.		poisonDecayIncreaseChance:0.25
rogue_poison_t3_2	Deadly Dose	sf:flask.fill	Poisoned enemies take 25% additional damage		damageVsPoisonedMultiplier:1.25
rogue_bleed_t1_1	Serrated Blades	sf:burst.fill	Bleed from Critical Hits lasts 1 extra turn		bleedDurationFromCriticalBonus:1
rogue_bleed_t1_2	Deep Wounds	sf:drop.fill	Bleed ignores enemy Block		bleedIgnoresEnemyBlock:true
rogue_bleed_t2_1	Taste for Blood	sf:drop.fill	Leech attacks gain +25% Critical chance against Bleeding enemies		leechCriticalVsBleedingBonus:0.25
rogue_bleed_t2_2	Blood Money	sf:hand.pinch.fill	Defeating Bleeding enemies grants 5 Gold		defeatBleedingEnemyGold:5
rogue_bleed_t3_1	Exsanguinate	sf:drop.fill	Bleed Critical Hits deal double damage below half enemy Health		bleedCriticalBelowHalfMultiplier:2
rogue_bleed_t3_2	Mortal Wound	sf:heart.slash.fill	Bleeding enemies restore half as much Health		bleedingEnemyHealingMultiplier:0.5
rogue_gold_t1_1	Light Fingers	sf:hand.pinch.fill	Gain 2 Gold when you Critically Hit.		criticalGoldFlat:2
rogue_gold_t1_2	Coinmail	sf:shield.fill	Whenever you gain Gold in combat, gain Block equal to half that amount.		gold_gain_block_percent:0.50
rogue_gold_t2_1	Cutpurse Cut	sf:burst.fill	Stun Critical Hits steal 5 Gold		stunCriticalStealGold:5
rogue_gold_t2_2	Escape Fund	sf:circle.circle.fill	After Dodging, double the next Gold you steal		dodgePreparesDoubleGoldSteal:true
rogue_gold_t3_1	Bounty Hunter	sf:scope	Defeating an enemy with a Critical Hit grants 10 Gold		critOnDefeatGold:10
rogue_gold_t3_2	Quick Fingers	sf:hand.pinch.fill	Critical Hits that steal Gold draw a card		criticalGoldStealDrawCard:true
wizard_freeze_t1_1	Persistent Frost	sf:snowflake	Deal 2 additional Freeze damage to Frozen enemies		frostDamageVsFrozenBonus:2
wizard_freeze_t1_2	Numbing Cold	sf:cloud.snow.fill	Freeze has a 20% chance to last 1 extra turn		freeze_extend_chance_percent:0.20
wizard_freeze_t2_1	Thermal Shock	sf:sun.snow.fill	Frozen enemies take 50% increased Burn damage		burnDamageVsFrozenMultiplier:1.5
wizard_freeze_t2_2	Glacial Barrier	sf:shield.fill	Gain 3 Block whenever an enemy becomes Frozen.		onEnemyFrozenGainBlock:3
wizard_freeze_t3_1	Deep Freeze	sf:snowflake	Frozen enemies cannot gain Block or restore Health		frozenEnemyCannotBlockOrHeal:true
wizard_freeze_t3_2	Whiteout	sf:cloud.snow.fill	Increase Freeze build-up by 20%		freezeBuildupMultiplier:1.2
wizard_burn_t1_1	Ignition	sf:flame.fill	Burn deals 25% more damage to enemies with no Block.		burnDamageVsNoBlockMultiplier:1.25
wizard_burn_t1_2	Smoldering	sf:flame.fill	Burn fades 25% slower		burnDecaySlowPercent:0.25
wizard_burn_t2_1	Searing Heat	sf:sun.max.fill	Burn ignores enemy Block		burnIgnoresBlock:true
wizard_burn_t2_2	Fuel the Flames	sf:flame.fill	Mana-empowered Burn attacks deal 1 additional damage		empowerBurnDamageBonus:1
wizard_burn_t3_1	Supernova	sf:burst.fill	Burn attacks have a 10% chance to deal double damage		burnAttackDoubleChancePercent:0.10
wizard_burn_t3_2	Pyromancer's Spark	sf:sparkles	Empowering Burn attacks costs 1 less Mana		empowerBurnCostReduction:1
wizard_mana_t1_1	Arcane Focus	sf:scope	Mana empowerment increases attack damage by 1		empowermentDamageBonus:1
wizard_mana_t1_2	Mana Shield	sf:shield.fill	At the end of your turn, gain 1 Block for each unspent Mana.		unspentManaConvertsToBlock:true
wizard_mana_t2_1	Overcharge	sf:bolt.fill	Mana empowerment increases your next attack's damage by 20%		manaEmpowerNextAttackPercent:0.20
wizard_mana_t2_2	Arcane Cleansing	sf:sparkles	Ending a turn at 0 Mana Cleanses 1 negative status effect		endTurnZeroManaCleanse:true
wizard_mana_t3_1	Arcane Surge	sf:wand.and.stars	Spending your last Mana draws a card		spendLastManaDrawCard:true
wizard_mana_t3_2	Spell Echo	sf:repeat	Mana-empowered attacks have a 10% chance to deal double damage		manaEmpoweredAttackDoubleChancePercent:0.10
ranger_poison_t1_1	Venomous Arrows	sf:figure.archery	Poison attacks deal 2 additional damage to Bleeding enemies		poisonAttackVsBleedingBonus:2
ranger_poison_t1_2	Paralytic Poison	sf:tortoise.fill	Poisoned enemies have 15% less accuracy		poisonedEnemyMissChancePercent:0.15
ranger_poison_t2_1	Prey on the Weak	sf:pawprint.fill	Companion attacks deal 25% more damage to Poisoned enemies		companionDamageVsPoisonedMultiplier:1.25
ranger_poison_t2_2	Toxic Backlash	sf:microbe.fill	Poison deals double damage once after a Poisoned enemy hurts your Companion		poisonDoubleAfterCompanionHurt:true
ranger_poison_t3_1	Corrosive Venom	sf:shield.slash.fill	Poison attacks remove 2 extra Block		poisonAttackExtraBlockRemoval:2
ranger_poison_t3_2	Lethal Dose	sf:flask.fill	Enemies below half Health take 25% increased Poison damage		poisonDamageBelowHealthThreshold:0.5|poisonDamageBelowHealthMultiplier:1.25
ranger_burn_t1_1	Flaming Arrows	sf:figure.archery	Burn attacks deal 50% more damage to enemy Block		burnAttackBlockBreakMultiplier:1.5
ranger_burn_t1_2	Slow Burn	sf:hourglass.bottomhalf.filled	Burn fades 30% slower on Bleeding enemies		burnDecaySlowVsBleedingPercent:0.30
ranger_burn_t2_1	Woundfire	sf:flame.fill	Bleeding enemies take 25% increased Burn damage		burnDamageVsBleedingMultiplier:1.25
ranger_burn_t2_2	Smoke Screen	sf:cloud.fog.fill	Burning enemies grant both allies +10% Dodge		partyDodgeVsBurningBonus:0.10
ranger_burn_t3_1	Scorched Earth	sf:flame.fill	Burning enemies gain 25% less Block		burningEnemyBlockGainMultiplier:0.75
ranger_burn_t3_2	Inferno Barrage	sf:flame.fill	Burn Critical Hits deal 4 additional damage		burnCriticalDamageBonus:4
ranger_bleed_t1_1	Lead the Hunt	sf:scope	Companion attacks deal 25% more damage to Bleeding enemies	companion_bleed_damage_dealt:3	companionAttackVsBleedingMultiplier:1.25
ranger_bleed_t1_2	Broadhead Arrows	sf:figure.archery	Bleed attacks ignore half enemy Block		bleedAttackBlockIgnorePercent:0.5
ranger_bleed_t2_1	Hamstring Shot	sf:figure.fall	Bleeding enemies deal 25% less damage		bleedingEnemyOutgoingDamageMultiplier:0.75
ranger_bleed_t2_2	Bloodscent	sf:eye.fill	Bleed lasts 1 extra turn	bleed_duration:1
ranger_bleed_t3_1	Pinning Strike	sf:pin.fill	Bleed attacks deal 50% more damage to Stunned enemies		bleedAttackVsStunnedMultiplier:1.5
ranger_bleed_t3_2	Blood Tracker	sf:eye.fill	Gain +15% Critical Hit chance against Bleeding enemies		critChancePerBleedingEnemy:0.15
warlock_burn_t1_1	Bloodfire	sf:drop.fill	Burn attacks have a 10% chance to deal 4 Bleed damage		burnAttackBleedChancePercent:0.10|burnAttackBleedDamage:4
warlock_burn_t1_2	Scorching Ash	sf:flame.fill	Below half Health, Burn damage is increased by 25%		burnBelowHalfHealthMultiplier:1.25
warlock_burn_t2_1	Withering Flame	sf:heart.slash.fill	Burning enemies restore half as much Health		burningEnemyHealingMultiplier:0.5
warlock_burn_t2_2	Soul Burn	sf:flame.fill	Spending your last Mana increases your next Burn attack’s damage by 50%		lastManaNextBurnPercent:0.5
warlock_burn_t3_1	Damnation	sf:flame.fill	Burning enemies take 25% additional damage		damageVsBurningMultiplier:1.25
warlock_burn_t3_2	Raging Inferno	sf:flame.fill	Gain +15% Critical Hit chance against Burning enemies		criticalVsBurningBonus:0.15
warlock_leech_t1_1	Vampiric Touch	sf:hand.raised.fill	Leech also heals from damage absorbed by enemy Block.		leechOnBlockDamage:true
warlock_leech_t1_2	Armor Pierce	sf:shield.slash.fill	Leech attacks ignore half enemy Block		leechAttackBlockIgnorePercent:0.5
warlock_leech_t2_1	Blood Link	sf:link	Excess Health restored from Leech is transferred to your Companion.		leechOverhealTransfersToCompanion:true
warlock_leech_t2_2	Soul Drain	sf:moon.stars.fill	Leeching Health restores 1 Mana.		leechRestoreManaFlat:1
warlock_leech_t3_1	Sanguine Overflow	sf:heart.fill	Leeching to full Health adds 1 bonus damage to your next attack		leechToFullNextAttackBonus:1
warlock_leech_t3_2	Soul Ward	sf:shield.fill	Leech also grants Block when below half Health		leechBlockBelowHalf:true
warlock_mana_t1_1	Dark Recovery	sf:arrow.counterclockwise	At 0 Mana, Leech restores 50% more Health		darkRecoveryMultiplier:1.5
warlock_mana_t1_2	Forbidden Lore	sf:book.fill	Gain 1 Mana when you lose Health		healthLossManaGain:1
warlock_mana_t2_1	Eldritch Shield	sf:shield.lefthalf.filled	Spending Mana grants 2 Block.		spendManaBlockFlat:2
warlock_mana_t2_2	Hexing Rune	sf:atom	Mana empowerment Purges 1 positive status effect		manaEmpowerPurgeCount:1
warlock_mana_t3_1	Chaos Rift	sf:burst.fill	Mana-empowered Critical Hits deal 50% more damage		manaEmpoweredCriticalMultiplier:1.5
warlock_mana_t3_2	Life Tap	sf:heart.fill	Health costs reduce your next Mana empowerment cost by 1		healthCostEmpowerDiscount:1
bear_block_t1_1	Thick Hide	sf:shield.fill	While you have Block, take 2 less Physical damage		physicalMitigationWhileBlockedFlat:2
bear_block_t1_2	Hibernation	sf:moon.fill	End your turn with Block to restore 2 Health		endTurnWithBlockHealFlat:2
bear_block_t2_1	Grizzly Guard	sf:shield.lefthalf.filled	When your ally first falls below half Health, grant 6 Block		allyFirstBelowHalfBlock:6
bear_block_t2_2	Tough Pelt	sf:checkmark.shield.fill	While you have Block, Bleed damage is halved		bleedDamageMultiplierWhileBlocked:0.5
bear_block_t3_1	Ironhide	sf:lock.shield.fill	Attacks that break your Block deal half their remaining damage		postBlockOverflowDamageMultiplier:0.5
bear_block_t3_2	Vital Armor	sf:heart.fill	Below half Health, gain 50% more Block		blockGainBelowHalfMultiplier:1.5
bear_physical_t1_1	Shield Breaker	sf:shield.slash.fill	Physical attacks deal double damage to enemy Block		physicalBlockBreakMultiplier:2
bear_physical_t1_2	Primal Rage	sf:flame.fill	When Block breaks, your next Physical attack gains 2 damage		blockBreakNextPhysicalBonus:2
bear_physical_t2_1	Cleaving Claws	sf:pawprint.fill	Bleeding enemies take 25% increased Physical damage		physicalDamageVsBleedingMultiplier:1.25
bear_physical_t2_2	Heavy Impact	sf:hammer.fill	Stunned enemies take 25% increased Physical damage		physicalDamageVsStunnedMultiplier:1.25
bear_physical_t3_1	Enrage	sf:flame.fill	Below half Health, Physical attacks gain +25% Critical Hit chance		physicalCritChanceBelowHalfBonus:0.25
bear_physical_t3_2	Pulverize	sf:hammer.fill	Physical Critical Hits remove all enemy Block		physicalCritRemoveEnemyBlock:true
bear_stun_t1_1	Ground Slam	sf:hammer.fill	Your first Stun attack each turn deals 3 additional damage		firstStunAttackBonusPerTurn:3
bear_stun_t1_2	Dazing Swipe	sf:pawprint.fill	Physical attacks have a 10% chance to deal 4 Stun damage		dazingSwipeChancePercent:0.10|dazingSwipeStunDamage:4
bear_stun_t2_1	Shockwave	sf:waveform	Stun attacks ignore half enemy Block		stunBlockIgnorePercent:0.5
bear_stun_t2_2	Deep Stun	sf:hourglass.bottomhalf.filled	Stun has a 20% chance to last another turn		stun_extend_chance_percent:0.20
bear_stun_t3_1	Exposed Prey	sf:scope	Stunned enemies take 25% more damage from your ally		heroDamageVsStunnedMultiplier:1.25
bear_stun_t3_2	Seismic Roar	sf:waveform	Below half Health, your Stun build-up increases by 50%		stunBuildupBelowHalfMultiplier:1.5
frost_whelp_freeze_t1_1	Rimewind	sf:wind	Freeze damage has a 10% chance to draw a card		freezeAttackDrawChancePercent:0.10
frost_whelp_freeze_t1_2	Chilling Scales	sf:shield.fill	Taking damage has a 10% chance to return 4 Freeze damage		onDamageFreezeRetaliationChancePercent:0.10|onDamageFreezeRetaliationDamage:4
frost_whelp_freeze_t2_1	Glacial Grip	sf:hand.raised.fill	Increase Freeze build-up by 20%		freezeBuildupMultiplier:1.2
frost_whelp_freeze_t2_2	Frost Siphon	sf:moon.stars.fill	Freezing an enemy restores 2 Mana		onFreezeEnemyRestoreMana:2
frost_whelp_freeze_t3_1	Shatter Frost	sf:burst.fill	Frozen enemies take 25% increased damage		damageVsFrozenMultiplier:1.25
frost_whelp_freeze_t3_2	Freezing Gale	sf:cloud.snow.fill	Freeze Critical Hits double Freeze build-up		freezeCriticalBuildupMultiplier:2
frost_whelp_mana_t1_1	Dragon Spark	sf:sparkles	Spending Mana has a 10% chance to draw a card		spendManaDrawChancePercent:0.10
frost_whelp_mana_t1_2	Arcane Breath	sf:wind	Mana empowerment adds 1 damage to Freeze attacks		empowerFreezeDamageBonus:1
frost_whelp_mana_t2_1	Mana Absorption	sf:shield.fill	Excess Mana restored becomes Block		excessManaRestorationBlock:true
frost_whelp_mana_t2_2	Aetherial Armor	sf:shield.fill	While you have Mana, take 25% less damage		manaHeldDamageMultiplier:0.75
frost_whelp_mana_t3_1	Mana Flow	sf:repeat	Spending Mana has a 25% chance to refund it		spendManaRefundChancePercent:0.25
frost_whelp_mana_t3_2	Spell Channeling	sf:wand.and.stars	Mana empowerment costs 1 less Mana		empowermentCostReduction:1
frost_whelp_dodge_t1_1	High Altitude	sf:cloud.fill	Above half Health, gain +15% Dodge chance		dodgeChanceAboveHalfHealthBonus:0.15
frost_whelp_dodge_t1_2	Tailwind	sf:wind	Your first Dodge each combat draws a card for your ally		firstDodgeDrawForAlly:true
frost_whelp_dodge_t2_1	Flyby Strike	sf:bird.fill	Dodging makes your next attack Critically Hit		onDodgeNextAttackGuaranteedCritical:true
frost_whelp_dodge_t2_2	Wing Buffet	sf:bird.fill	Deal 2 Freeze damage when you Dodge		dodgeDealFreezeFlat:2
frost_whelp_dodge_t3_1	Aerial Cover	sf:shield.lefthalf.filled	Dodging an attack grants the Hero 3 Block.		onDodgeGrantHeroBlock:3
frost_whelp_dodge_t3_2	Tempest Wing	sf:wind	Dodging makes your next Mana empowerment free		dodgeNextManaEmpowerFree:true
lizard_scout_poison_t1_1	Cold Blood	sf:thermometer.snowflake	Deal 2 Poison damage when you Dodge.		dodgeApplyPoison:2
lizard_scout_poison_t1_2	Venomous Skin	sf:microbe.fill	Deal 1 Poison damage to attackers when you take damage.		onHitAttackerPoison:1
lizard_scout_poison_t2_1	Spit Poison	sf:flask.fill	Poison attacks deal 1 additional damage to Bleeding enemies		poisonAttackVsBleedingBonus:1
lizard_scout_poison_t2_2	Toxiphage	sf:waveform.path.ecg	Poison Critical Hits gain Leech		poisonCriticalHasLeech:true
lizard_scout_poison_t3_1	Paralysis	sf:bolt.fill	Poison attacks have a 10% chance to Stun		poisonAttackStunChancePercent:0.10
lizard_scout_poison_t3_2	Venom Spores	sf:camera.macro	Poison has a 20% chance to not decay		poisonPreventDecayChancePercent:0.20
lizard_scout_bleed_t1_1	Barbed Tail	sf:asterisk	Dodging has a 20% chance to deal 4 Bleed damage		dodgeBleedChancePercent:0.20|dodgeBleedDamage:4
lizard_scout_bleed_t1_2	Spiny Carapace	sf:asterisk	Bleed Critical Hits grant 2 Thorns		bleedCriticalThorns:2
lizard_scout_bleed_t2_1	Ferocious Bite	sf:burst.fill	+10% Critical Hit chance against Bleeding enemies		critChancePerBleedingEnemy:0.10
lizard_scout_bleed_t2_2	Evasive Reflexes	sf:wind	Gain +10% Dodge against Bleeding enemies		dodgeChanceVsBleedingEnemiesBonus:0.10
lizard_scout_bleed_t3_1	Frenzied Tail	sf:repeat	Bleed Critical Hits have a 20% chance to draw a card		bleedCriticalDrawChancePercent:0.20
lizard_scout_bleed_t3_2	Armor Shred	sf:shield.slash.fill	Bleed attacks deal 50% more damage to enemy Block		bleedAttackBlockBreakMultiplier:1.5
lizard_scout_gold_t1_1	Trophy Scales	sf:rosette	Steal 3 Gold when your Block is broken		blockBreakStealGoldFlat:3
lizard_scout_gold_t1_2	Hoard Armor	sf:shield.fill	Stealing Gold has a 10% chance to grant 4 Block		goldTheftBlockChancePercent:0.10|goldTheftBlockAmount:4
lizard_scout_gold_t2_1	Pickpocket	sf:hand.pinch.fill	Critical Hits steal 3 Gold		criticalGoldStealFlat:3
lizard_scout_gold_t2_2	Scavenger’s Cache	sf:shippingbox.fill	Stealing Gold has a 10% chance to draw a card		goldTheftDrawChancePercent:0.10
lizard_scout_gold_t3_1	Flawless Bounty	sf:trophy.fill	Excess Leech restoration on you is converted to Gold		excessLeechHealthToGold:true
lizard_scout_gold_t3_2	Gilded Claws	sf:pawprint.fill	Gold stolen adds equal damage to your next attack		gildedClaws:true
panther_bleed_t1_1	Razor Claws	sf:pawprint.fill	Bleed attacks deal 1 additional damage		bleedAttackDamageBonus:1
panther_bleed_t1_2	Raking Swipes	sf:burst.fill	Bleed attacks gain +10% Critical Hit chance		bleedAttackCriticalBonus:0.10
panther_bleed_t2_1	Stalk the Wound	sf:scope	Bleeding enemies below half Health take 25% increased damage		attackVsBleedingBelowHalfMultiplier:1.25
panther_bleed_t2_2	Rend Flesh	sf:drop.fill	Bleed Critical Hits deal 25% more damage		bleedCriticalDamageMultiplier:1.25
panther_bleed_t3_1	Crippling Laceration	sf:drop.fill	Enemies with 3 or more Bleed deal 30% less damage.		enemyBleedStacksDamageReductionStacks:3|enemyBleedStacksDamageReductionPercent:0.30
panther_bleed_t3_2	Bloodprice	sf:heart.fill	Bleeding enemies restore half as much Health		bleedingEnemyHealingMultiplier:0.5
panther_leech_t1_1	Blood Hunger	sf:drop.fill	Bleed attacks gain Leech while below 30% Health		bleedAttackLeechBelowHealthThreshold:0.30
panther_leech_t1_2	Shared Feast	sf:heart.fill	Excess Leech Health restoration is shared with your ally		leechOverflowShareAlly:true
panther_leech_t2_1	Vitality Infusion	sf:heart.fill	Leech Critical Hits grant your ally 3 Block		leechCriticalAllyBlock:3
panther_leech_t2_2	Sanguine Resistance	sf:leaf.fill	Enemies cannot Leech from you		enemyCannotLeechFromTarget:true
panther_leech_t3_1	Frenzied Feeding	sf:eyedropper	Leech restores 20% more Health against Bleeding enemies		leechHealingVsBleedingMultiplier:1.2
panther_leech_t3_2	Pack Bloodlust	sf:pawprint.fill	Your ally's attacks have a 10% chance to Leech		allyAttackLeechChancePercent:0.10
panther_dodge_t1_1	Surprise Strike	sf:burst.fill	Your first Dodge each combat doubles your next attack		firstDodgeDoubleNextAttack:true
panther_dodge_t1_2	Counter Pounce	sf:pawprint.fill	Deal 2 Bleed damage when you Dodge		dodgeDealBleedFlat:2
panther_dodge_t2_1	Survival Instinct	sf:wind	Below half Health, gain +20% Dodge chance		dodgeChanceBelowHealthPercentThreshold:0.5|dodgeChanceBelowHealthPercentBonus:0.20
panther_dodge_t2_2	Stalker’s Precision	sf:scope	Dodging makes your next attack ignore enemy Block		dodgeNextAttackIgnoreBlock:true
panther_dodge_t3_1	Regroup	sf:eye.slash.fill	Dodging has a 10% chance to draw a card		dodgeDrawChancePercent:0.10
panther_dodge_t3_2	Vanish	sf:eye.slash.fill	Dodging makes your next attack Critically Hit		onDodgeNextAttackGuaranteedCritical:true
phoenix_burn_t1_1	Blazing Feathers	sf:bird.fill	Taking damage has a 10% chance to return 4 Burn damage		onDamageBurnRetaliationChancePercent:0.10|onDamageBurnRetaliationDamage:4
phoenix_burn_t1_2	Ignition Spark	sf:sparkles	Burn has a 20% chance to not decay		burnPreventDecayChancePercent:0.20
phoenix_burn_t2_1	Flame Shield	sf:shield.fill	Burn attacks have a 10% chance to grant 4 Block		burnAttackBlockChancePercent:0.10|burnAttackBlockAmount:4
phoenix_burn_t2_2	Explosive Embers	sf:burst.fill	Burn Critical Hits deal 3 additional damage		burnCriticalDamageBonus:3
phoenix_burn_t3_1	Molten Heat	sf:flame.fill	Burn attacks deal 50% more damage to enemy Block		burnAttackBlockBreakMultiplier:1.5
phoenix_burn_t3_2	Intense Heat	sf:thermometer.sun.fill	Burning enemies take 25% increased damage from your Critical Hits		criticalDamageVsBurningMultiplier:1.25
phoenix_health_t1_1	Restorative Ashes	sf:waveform.path.ecg	Below half Health, restore 50% more Health		healBelowHalfMultiplier:1.5
phoenix_health_t1_2	Healing Flames	sf:heart.fill	Burn attacks have a 10% chance to restore 4 Health to the lowest ally		burnAttackHealLowestChancePercent:0.10|burnAttackHealLowestAmount:4
phoenix_health_t2_1	Afterglow	sf:sunset.fill	Surviving Death's Door restores 4 Health to both allies		surviveDeathsDoorPartyHealFlat:4
phoenix_health_t2_2	Radiant Health	sf:sun.max.fill	At full Health, both allies gain +10% Critical Hit chance		partyCritChanceWhileCompanionFullHealth:0.10
phoenix_health_t3_1	Phoenix Gift	sf:gift.fill	Your ally's first fatal hit each combat revives them with 5 Health		onHeroFatalReviveHealth:5
phoenix_health_t3_2	Ashen Vitality	sf:heart.fill	Excess Health restored to you adds 2 damage to your next Burn attack		overhealNextBurnBonus:2
phoenix_deathsdoor_t1_1	From the Ashes	sf:arrow.counterclockwise	Entering Death's Door restores 6 Health		enterDeathsDoorHeal:6
phoenix_deathsdoor_t1_2	Lingering Spirit	sf:hourglass.bottomhalf.filled	Death's Door lasts 1 additional turn.		deathsDoorDurationBonusTurns:1
phoenix_deathsdoor_t2_1	Blazing Rebirth	sf:flame.fill	Entering Death's Door deals 4 Burn damage to the enemy		enterDeathsDoorBurnDamage:4
phoenix_deathsdoor_t2_2	Phoenix Vigor	sf:dumbbell.fill	Surviving Death's Door doubles your next attack		surviveDeathsDoorNextAttackDouble:true
phoenix_deathsdoor_t3_1	Fortified Rebirth	sf:shield.fill	Death's Door halves damage you take		deathsDoorIncomingDamageMultiplier:0.5
phoenix_deathsdoor_t3_2	Ashen Ward	sf:checkmark.shield.fill	Death's Door prevents negative status effects		deathsDoorNegativeStatusImmune:true
wolf_bleed_t1_1	Pack Ferocity	sf:pawprint.fill	Increase Bleed duration by 1 and Bleed damage dealt by 1.	bleed_duration:1|damage_dealt:bleed:1	
wolf_bleed_t1_2	Deep Bite	sf:burst.fill	Deal 2 additional damage to Bleeding enemies.		damageVsBleedingBonus:2
wolf_bleed_t2_1	Hamstring	sf:figure.fall	Bleeding enemies deal 2 less damage.		bleedingEnemyDamageReductionFlat:2
wolf_bleed_t2_2	Open Wounds	sf:drop.fill	Dealing Bleed damage to a Bleeding target deals 2 damage.		onBleedAppliedToBleedingDealDamage:2
wolf_bleed_t3_1	Carnivore	sf:heart.fill	Restore 2 Health whenever Bleed deals damage.		onBleedDamageHealSelf:2
wolf_bleed_t3_2	Savage Tear	sf:burst.fill	Bleed ticks have a 20% chance to critically strike.		bleedTickCritChancePercent:0.20
wolf_dodge_t1_1	Sidestep	sf:figure.walk	Gain 2 Block whenever you Dodge.		dodgeBlockFlat:2
wolf_dodge_t1_2	Nimble Fang	sf:drop.fill	After Dodging, your next attack deals 2 Bleed damage.		nextAttackBleedAfterDodge:2
wolf_dodge_t2_1	Pack Coordination	sf:person.2.fill	When Wolf Dodges, the Hero gains +10% Dodge chance until your next turn.		onCompanionDodgeGrantHeroDodgePercent:0.10
wolf_dodge_t2_2	Flanking Position	sf:point.topleft.down.to.point.bottomright.curvepath	Dodging makes your next party hit a guaranteed Critical Hit.		onDodgeNextPartyHitGuaranteedCritical:true
wolf_dodge_t3_1	Evasive Pack	sf:wind	Wolf automatically Dodges attacks after the first hit each turn. These Dodges do not counterattack.		autoDodgeAfterFirstHitPerTurn:true
wolf_dodge_t3_2	Snapping Jaws	sf:arrow.uturn.backward	Dodging counters with an immediate basic attack.		onDodgeCounterBasicAttack:true
wolf_physical_t1_1	Alpha Howl	sf:dog.fill	Party deals 2 additional Physical damage for the first 3 turns.		partyPhysicalDamageBonusFirstTurns:2|partyPhysicalDamageBonusFirstTurnCount:3
wolf_physical_t1_2	Predatory Focus	sf:scope	Deal 3 additional damage to enemies with lower Health than Wolf.		damageVsLowerHealthEnemyBonus:3
wolf_physical_t2_1	Bone-Crushing Bite	sf:burst.fill	Physical attacks against enemies with Block deal 2 additional damage.		physicalDamageVsBlockedBonus:2
wolf_physical_t2_2	Alpha Might	sf:dumbbell.fill	While the enemy is below half Health, party Physical attacks deal 2 additional damage.		damageBelowHealthPercentThreshold:0.5|damageBelowHealthPercentKeyword:.physical|damageBelowHealthPercentBonus:2
wolf_physical_t3_1	Feral Frenzy	sf:flame.fill	While the enemy is below 40% Health, Wolf draws an extra card each turn.		extraCardDrawBelowEnemyHealthPercent:0.40
wolf_physical_t3_2	Rending Fangs	sf:drop.fill	Physical attacks deal 1 Bleed damage on hit.		physicalAttackApplyBleed:1
golden_retriever_gold_t1_1	Bounty	sf:circle.circle.fill	Defeating an enemy grants 3 Gold		defeatEnemyGoldFlat:3
golden_retriever_gold_t1_2	Dig for Treasure	sf:circle.circle.fill	Gain 2 Gold every 3 turns.		goldEveryNTurnsInterval:3|goldEveryNTurnsAmount:2
golden_retriever_gold_t2_1	Haggler	sf:circle.circle.fill	Steal 1 additional Gold		goldStealFlatBonus:1
golden_retriever_gold_t2_2	Golden Guard	sf:shield.fill	Stealing Gold increases your next Block gain by 50%		goldTheftNextBlockMultiplier:1.5
golden_retriever_gold_t3_1	Fetch!	sf:dog.fill	Your first Gold steal each combat draws a card		firstGoldTheftDrawBattle:true
golden_retriever_gold_t3_2	Treasure Hoard	sf:circle.circle.fill	Gaining Gold has a 10% chance to draw a card		goldGainDrawChancePercent:0.10
golden_retriever_block_t1_1	Guardian	sf:shield.fill	Grant your ally 5 Block before their first incoming attack		guardianHeroBlockFlat:5
golden_retriever_block_t1_2	Watchful Eye	sf:eye.fill	Start combat with 3 Block		startBattleBlock:3
golden_retriever_block_t2_1	Shield Bond	sf:link	Your first Block gain each turn is shared with your ally		companionBlockSharesToHeroPercent:1
golden_retriever_block_t2_2	Warning Bark	sf:waveform	Dodge the first enemy attack each combat without spending Block		negateFirstEnemyAttack:true
golden_retriever_block_t3_1	Sacrificial Guard	sf:heart.fill	Your Block also absorbs damage dealt to your ally		companionBlockAbsorbsHeroDamage:true
golden_retriever_block_t3_2	Steadfast	sf:lock.shield.fill	While you have Block, prevent Stun and Freeze build-up		blockedControlPrevention:true
golden_retriever_health_t1_1	Cheer Up	sf:face.smiling.fill	Your first Health restoration each combat draws a card		firstHealthRestorationDrawBattle:true
golden_retriever_health_t1_2	Playful Energy	sf:bolt.fill	Restoring Health has a 10% chance to draw a card		healthRestoreDrawChancePercent:0.10
golden_retriever_health_t2_1	Campfire Comfort	sf:flame.fill	At turn end, restore 3 Health to the lowest Health ally		endOfTurnHealLowestAlly:3
golden_retriever_health_t2_2	Man's Best Friend	sf:dog.fill	Intercept the first damage each combat that would reduce your ally's Health to zero		firstAllyFatalIntercept:true
golden_retriever_health_t3_1	Inspirational Vigor	sf:dumbbell.fill	Below half Health, both allies gain +15% Critical Hit chance		partyCritChanceWhileCompanionBelowHalf:0.15
golden_retriever_health_t3_2	Protective Lick	sf:heart.fill	Restoring Health also Cleanses 1 negative status effect		healthRestorationCleansesOne:true
library_owl_holy_t1_1	Revealed Flaw	sf:eye.fill	Holy Critical Hits make your ally's next attack ignore enemy Block		holyCriticalAllyIgnoreBlock:true
library_owl_holy_t1_2	Scholarly Smite	sf:book.fill	Holy attacks gain +15% Critical Hit chance		holyAttackCriticalBonus:0.15
library_owl_holy_t2_1	Blinding Light	sf:eye.slash.fill	Holy attacks reduce the enemy's next attack accuracy by 20%		holyAttackEnemyMissChance:0.20
library_owl_holy_t2_2	Radiant Wisdom	sf:book.fill	Holy attacks have a 10% chance to draw a card		holyAttackDrawChancePercent:0.10
library_owl_holy_t3_1	Bane of Evil	sf:sun.max.fill	Holy Critical Hits Purge a positive status effect		holyCriticalPurgeCount:1
library_owl_holy_t3_2	Purifying Light	sf:sun.max.fill	Holy attacks have a 10% chance to Cleanse your ally		holyAttackCleanseAllyChancePercent:0.10
library_owl_cleanse_t1_1	Purifying Wisdom	sf:book.fill	Your first successful Cleanse each combat draws a card		cleanseBonusDraw:1
library_owl_cleanse_t1_2	Healing Hymn	sf:music.note	Cleansing an ally restores 2 Health		cleanseBonusHeal:2
library_owl_cleanse_t2_1	Spellbreak Shield	sf:xmark.shield.fill	Cleansing a negative effect grants 2 Block per effect removed.		cleanseBlockPerStack:2
library_owl_cleanse_t2_2	Mass Cleanse	sf:person.2.fill	Your first successful Cleanse each turn also Cleanses your ally		cleanseAffectsBothHeroAndCompanion:true
library_owl_cleanse_t3_1	Reflective Ward	sf:arrow.uturn.backward	Cleansing a negative effect reflects it onto the enemy who applied it.		cleanseReflectDebuffToEnemy:true
library_owl_cleanse_t3_2	Sanctified Scroll	sf:scroll.fill	Cleansing an ally grants +20% Critical Hit chance on their next attack		cleanseNextAttackCriticalBonus:0.20
library_owl_health_t1_1	Safe Perch	sf:bird.fill	At full Health, gain +10% Dodge chance		dodgeAtFullHealthBonus:0.10
library_owl_health_t1_2	Warded Roost	sf:house.fill	Restoring Health reduces that ally's next incoming damage by 20%		healthRestoreNextIncomingDamageMultiplier:0.8
library_owl_health_t2_1	Efficient Care	sf:waveform.path.ecg	Restore 25% more Health		healingMultiplier:1.25
library_owl_health_t2_2	Aether Shield	sf:shield.fill	Restoring Health has a 10% chance to grant equal Block		healthRestoreBlockChancePercent:0.10
library_owl_health_t3_1	Guardian Archive	sf:books.vertical.fill	When either ally enters Death's Door, they restore 8 Health		onAllyDeathsDoorRestoreHealth:8
library_owl_health_t3_2	Font of Magic	sf:wand.and.stars	Restoring Health or Mana has a 10% chance to draw a card		healthOrManaRestoreDrawChancePercent:0.10
risen_skeleton_physical_t1_1	Bone Shield	sf:shield.fill	Gain 2 Block whenever you deal Physical damage.		onPhysicalDamageGainBlock:2
risen_skeleton_physical_t1_2	Bone Burst	sf:burst.fill	Attacks have a 25% chance to deal 3 extra damage and grant 2 Block.		attackBurstChancePercent:0.25|attackBurstDamage:3|attackBurstBlock:2
risen_skeleton_physical_t2_1	Brittle Strike	sf:shield.slash.fill	Physical attacks ignore all Block on Stunned or Frozen enemies.		physicalIgnoresBlockVsStunnedOrFrozen:true
risen_skeleton_physical_t2_2	Dense Bones	sf:shield.fill	Your Block absorbs twice as much Physical damage.		doublePhysicalBlockAbsorption:true
risen_skeleton_physical_t3_1	Cleaving Bones	sf:burst.fill	Physical attacks deal 1 additional Bleed damage to the enemy.		physicalAttackApplyBleed:1
risen_skeleton_physical_t3_2	Bone Armor	sf:shield.fill	Whenever you take Health damage, gain 1 Block.		onSelfHealthLossGainBlock:1
risen_skeleton_leech_t1_1	Weaken Soul	sf:heart.slash.fill	Leech reduces the target's damage by 2 for 2 turns.		onLeechReduceEnemyStrength:2|onLeechReduceEnemyStrengthTurns:2
risen_skeleton_leech_t1_2	Toxic Touch	sf:hand.raised.fill	Leech damage deals 2 Poison damage to the target.		onLeechApplyPoison:2
risen_skeleton_leech_t2_1	Grave Harvest	sf:eyedropper	Leeching Health from an enemy below half Health restores 2 additional Health.		leechBonusHealVsLowHealthEnemies:2
risen_skeleton_leech_t2_2	Soul Sharing	sf:heart.fill	Convert half of Skeleton's damage into Health restored to the Hero.		companionDamageLeechesToHeroPercent:0.5
risen_skeleton_leech_t3_1	Affliction Siphon	sf:eyedropper	Leeching Health from a Stunned enemy restores 3 additional Health.		leechBonusHealVsStunned:3
risen_skeleton_leech_t3_2	Necrotic Bleed	sf:drop.fill	Leeching Health deals 2 Bleed damage to the target.		onLeechApplyBleed:2
risen_skeleton_deathsdoor_t1_1	Deathrattle	sf:arrow.counterclockwise	Revive at 1 Health with 10 Block the first time you die each battle.		onceDeathReviveHealth:1|onceDeathReviveBlock:10
risen_skeleton_deathsdoor_t1_2	Tenacious Spirit	sf:hourglass.bottomhalf.filled	Death's Door lasts 2 additional turns.		deathsDoorDurationBonusTurns:2
risen_skeleton_deathsdoor_t2_1	Corpse Explosion	sf:burst.fill	Deal 8 Physical damage to the enemy when you die.		onDeathDealPhysicalDamageAllEnemies:8
risen_skeleton_deathsdoor_t2_2	Deathly Wrath	sf:hourglass.bottomhalf.filled	Attacks are guaranteed Critical Hits while on Death's Door.		guaranteedCritWhileOnDeathsDoor:true
risen_skeleton_deathsdoor_t3_1	Endless Legion	sf:person.2.fill	If Death's Door ends while Skeleton is still alive, restore Health to 6 once per battle.		deathsDoorExpiredHealFlat:6
risen_skeleton_deathsdoor_t3_2	Lichbone	sf:shield.fill	Take 50% less Bleed and Poison damage, and 50% less Stun.		afflictionResistance:0.5
mana_moth_mana_t1_1	Arcane Reservoir	sf:tray.full.fill	Whenever you gain Mana, gain 1 Block.		on_gain_mana_block:1
mana_moth_mana_t1_2	Aetherial Surge	sf:waveform	Restore 1 bonus Mana on turn 1 and turn 4.		bonusManaOnTurns:[1, 4]
mana_moth_mana_t2_1	Mana Cocoon	sf:fossil.shell.fill	Spending Mana grants equal Block.		spendManaGrantsEqualBlock:true
mana_moth_mana_t2_2	Aetherial Flow	sf:wind	When the Hero spends Mana, Moth's next attack deals 2 additional damage.		onHeroSpendManaCompanionNextAttackBonus:2
mana_moth_mana_t3_1	Prismatic Spark	sf:diamond.fill	Gain a 25% chance to double all Mana gained.		manaGainDoubleChancePercent:0.25
mana_moth_mana_t3_2	Arcane Burst	sf:burst.fill	Spending 5 Mana draws and automatically plays a random card.		spendManaThresholdAutoPlayCard:5
mana_moth_freeze_t1_1	Chilling Flutter	sf:bird.fill	Basic attacks deal 2 Freeze damage.		basicAttackFreezeBuildup:2
mana_moth_freeze_t1_2	Frost Guard	sf:shield.fill	Mana empowerment adds 1 Freeze damage.		empowerFreezeDamageBonus:1
mana_moth_freeze_t2_1	Blinding Frost	sf:eye.slash.fill	Moth deals 25% additional damage to Frozen enemies.		damageVsFrozenMultiplier:1.25
mana_moth_freeze_t2_2	Subzero Mist	sf:cloud.fog.fill	When Freeze ends on the enemy, gain +20% Dodge chance until your next turn.		subzeroMist:true
mana_moth_freeze_t3_1	Flash Freeze	sf:snowflake	Mana empowerment increases the empowered card’s Freeze damage by 2.		flashFreeze:true
mana_moth_freeze_t3_2	Frost Nova	sf:burst.fill	Deal 4 additional Freeze damage against Frozen enemies.		frostDamageVsFrozenBonus:4
mana_moth_burn_t1_1	Ember Shield	sf:shield.fill	Gain 2 Block whenever an ally deals Burn damage.		onAllyBurnDamageGainBlock:2
mana_moth_burn_t1_2	Moth to Flame	sf:flame.fill	Restore 1 Mana whenever Burn deals damage (up to 2 per turn).		onBurnDamageRestoreManaPerTurnCap:2|onBurnDamageRestoreManaFlat:1
mana_moth_burn_t2_1	Flashover	sf:sun.snow.fill	Burn damage against Frozen enemies has a 50% chance to deal double damage.		burnDoubleVsFrozenChancePercent:0.5
mana_moth_burn_t2_2	Combustion	sf:burst.fill	Your attacks against Burning enemies deal bonus damage equal to half their current Burn.		damagePerBurnPotencyPercent:0.5
mana_moth_burn_t3_1	Ember Persistence	sf:hourglass.bottomhalf.filled	Enemies lose 35% less Burn at the end of each round.		burnDecaySlowPercent:0.35
mana_moth_burn_t3_2	Cinder Halo	sf:sun.max.fill	Burning enemies take 1 Holy damage each time Burn deals damage.		onBurnTickHolyDamage:1
pixie_cleanse_t1_1	Fae Mending	sf:heart.fill	Restore 2 Health to yourself when you Cleanse.		cleanseSelfHeal:2
pixie_cleanse_t1_2	Dispel Magic	sf:wand.and.stars	Cleanse effects also Purge 1 positive buff from the enemy.		cleanseAlsoPurgesEnemyBuffs:1
pixie_cleanse_t2_1	Fae Swiftness	sf:wind	Cleansing an ally grants them +10% Dodge chance for 2 turns.		cleanseDodgeChanceBonus:0.10|cleanseDodgeChanceBonusTurns:2
pixie_cleanse_t2_2	Cleansing Ward	sf:shield.fill	Cleansing an ally also grants the party 2 Block.		cleansePartyBlock:2
pixie_cleanse_t3_1	Fae Ward	sf:shield.lefthalf.filled	Your Cleanse cards grant 1 Block per effect removed.		cleanseBlockPerStack:1
pixie_cleanse_t3_2	Purifying Aura	sf:sun.max.fill	Cleanse 1 negative effect from each ally every other turn.		purifyingAura:true
pixie_health_t1_1	Sprite Touch	sf:heart.fill	Restore 2 Health each turn for the first 3 turns of battle.		healthRegenFirstTurnsAmount:2|healthRegenFirstTurnsDuration:3
pixie_health_t1_2	Emergency Mend	sf:cross.fill	Health restored to allies below 30% Health is doubled.		healingBelowHealthPercentThreshold:0.30|healingBelowHealthPercentMultiplier:2
pixie_health_t2_1	Lingering Blessing	sf:hourglass.bottomhalf.filled	Restoring Health to an ally applies a 3-turn effect that restores 1 Health over time.		healOverTimeOnHealTurns:3|healOverTimeOnHealAmount:1
pixie_health_t2_2	Protective Bloom	sf:camera.macro	Restoring Health to an ally also deals 2 Holy damage to the enemy.		onHealDealHoly:2
pixie_health_t3_1	Vital Infusion	sf:heart.fill	Health restored beyond full increases the target's Max Health by +1 this combat (up to +5).		overhealConvertsToMaxHealth:true|overhealConvertsToMaxHealthCap:5|overhealConvertsToMaxHealthPerEvent:1
pixie_health_t3_2	Barrier Blessing	sf:shield.fill	Excess Health restored is converted into Block for that ally.		overhealConvertsToBlock:true
pixie_holy_t1_1	Dazzle	sf:sparkles	Holy attacks reduce the target's damage by 2 on their next turn.		holyDamageReduceTargetDamage:2
pixie_holy_t1_2	Piercing Starlight	sf:star.fill	Holy damage ignores enemy Block and cannot be Dodged.		holyIgnoresBlockAndDodge:true
pixie_holy_t2_1	Radiant Barrier	sf:shield.fill	Dealing Holy damage grants 2 Block to the party.		onHolyDamagePartyBlock:2
pixie_holy_t2_2	Stun Flare	sf:bolt.fill	Holy attacks deal 1 Burn and 1 Stun damage.		holyAttackApplyBurnAndStunBuildup:1
pixie_holy_t3_1	Supernal Glow	sf:sun.min.fill	All party basic attacks deal 2 additional Holy damage.		partyBasicAttackHolyBonus:2
pixie_holy_t3_2	Sunlight Spark	sf:sun.max.fill	Your next attack after dealing Holy damage deals 1 additional Holy damage.		holyDamageNextAttackHolyBonus:1
shield_scarab_block_t1_1	Plated Hide	sf:shield.fill	Gain 2 Block when you are hit.		onHitGainBlock:2
shield_scarab_block_t1_2	Hardened Chitin	sf:fossil.shell.fill	Take 2 less damage from non-Physical hits while you have Block.		spellDamageTakenReductionWhileBlocked:2
shield_scarab_block_t2_1	Enduring Shell	sf:fossil.shell.fill	Scarab's Block retains 50% at the end of each round (up to 30 max).		blockRetainsHalf:true
shield_scarab_block_t2_2	Bulwark Fortress	sf:building.2.fill	While Scarab has Block, the Hero takes 20% less damage.		companionBlockProtectsHeroPercent:0.2
shield_scarab_block_t3_1	Spiked Shell	sf:asterisk	Whenever you retain Block at the end of each round, gain Thorns equal to half that amount.		retainedBlockGainThornsPercent:0.5
shield_scarab_block_t3_2	Sun-Struck Shell	sf:sun.max.fill	When your Block is hit, deal 2 Holy damage to the attacker.		onBlockHitDealHoly:2
shield_scarab_stun_t1_1	Sunder Shield	sf:shield.slash.fill	Stunned enemies lose all their active Block.		stunnedEnemyLoseAllBlock:true
shield_scarab_stun_t1_2	Heavy Slam	sf:hammer.fill	Deal 4 additional Physical damage to Stunned enemies.		damageWhileTargetStunnedBonus:4
shield_scarab_stun_t2_1	Prolonged Daze	sf:hourglass.bottomhalf.filled	Stunning an enemy deals 2 Physical damage to them.		stunDealPhysicalFlat:2
shield_scarab_stun_t2_2	Seismic Impact	sf:waveform	Enemies require 25% less Stun to be Stunned.		enemyStunThresholdReductionPercent:0.25
shield_scarab_stun_t3_1	Quaking Carapace	sf:fossil.shell.fill	Deal 3 Stun damage to the enemy and grant 5 Block to the party every 3 turns.		everyNTurnsStunBuildupInterval:3|everyNTurnsStunBuildupAmount:3|everyNTurnsTeamBlockAmount:5
shield_scarab_stun_t3_2	Solar Brand	sf:flame.fill	Stunning an enemy also deals 2 Burn damage to them.		onStunEnemyApplyBurn:2
shield_scarab_holy_t1_1	Gilded Carapace	sf:fossil.shell.fill	Gain 2 Block whenever an enemy becomes Stunned.		onStunEnemyGainBlock:2
shield_scarab_holy_t1_2	Radiant Shell	sf:fossil.shell.fill	Enemies attacking Scarab take 2 Holy damage.		onHitAttackerHoly:2
shield_scarab_holy_t2_1	Sun Glyph	sf:sun.max.fill	Holy damage dealt by Scarab restores 2 Health to the Hero.		holyDamageHealHeroFlat:2
shield_scarab_holy_t2_2	Solar Ward	sf:shield.fill	Party deals 2 additional Holy damage while Scarab is at full Health.		partyHolyDamageBonusWhileCompanionFullHealth:2
shield_scarab_holy_t3_1	Dazzling Guard	sf:eye.slash.fill	Blocking an attack reduces the attacker's accuracy by 25% for 2 turns.		onBlockReduceAttackerAccuracyPercent:25|onBlockReduceAttackerAccuracyTurns:2
shield_scarab_holy_t3_2	Purifying Sun	sf:sun.max.fill	Holy damage deals double damage to Poisoned or Bleeding targets.		holyDamageVsPoisonedOrBleedingMultiplier:2
fox_gold_t1_1	Palmed Coin	sf:hand.pinch.fill	Gain 2 Gold when you Dodge.		dodgeGoldFlat:2
fox_gold_t1_2	Snatch	sf:hand.pinch.fill	Basic attacks steal 2 Gold from the enemy.		basicAttackStealGold:2
fox_gold_t2_1	Golden Opportunity	sf:circle.circle.fill	The first time you gain 5 or more Gold at once each round, draw a card.		gainGoldDrawThreshold:5
fox_gold_t2_2	Lucky Strike	sf:die.face.5.fill	Critical Hits grant 3 Gold.		criticalGoldFlat:3
fox_gold_t3_1	Master Thief	sf:eye.slash.fill	When you Critically Hit, steal the enemy's Block and gain it yourself.		critStealEnemyBlock:true
fox_gold_t3_2	Golden Recovery	sf:heart.fill	The first time you gain Gold each round, restore 3 Health to each living ally.		onGainGoldHealParty:3
fox_dodge_t1_1	Feint Strike	sf:burst.fill	Dodging an attack increases the party's next card damage by 2.		onDodgePartyNextCardDamageBonus:2
fox_dodge_t1_2	Poisonous Dash	sf:flask.fill	Dodging an attack deals 2 Poison or 2 Bleed damage to the attacker.		onDodgeApplyPoisonOrBleed:2
fox_dodge_t2_1	Slip Away	sf:wind	Dodge the first attack against you each combat.		dodgeFirstAttackEachCombat:true
fox_dodge_t2_2	Misdirection	sf:signpost.right.fill	After Dodging, the enemy is off-balance: your next attack deals double damage.		nextAttackDoubleAfterDodge:true
fox_dodge_t3_1	Decoy Swap	sf:theatermasks.fill	50% chance when the Hero is attacked for Fox to swap places and Dodge for them.		swapAndDodgeForHeroChance:0.5
fox_dodge_t3_2	Stolen Breath	sf:wind	Dodging an attack restores 2 Health to you.		dodgeHealFlat:2
fox_stun_t1_1	Dazzling Tail	sf:sparkles	Deal 2 Stun damage to attackers when you Dodge their attack.		onDodgeAttackerStunBuildup:2
fox_stun_t1_2	Confusing Feint	sf:theatermasks.fill	Attacks against Stunned enemies deal 1 additional damage.		damageWhileTargetStunnedBonus:1
fox_stun_t2_1	Disorienting Strike	sf:tornado	Attacking a Stunned enemy grants 2 Gold and 2 Block.		onAttackStunnedEnemyGold:2|onAttackStunnedEnemyBlock:2
fox_stun_t2_2	Chaos Manipulation	sf:die.face.5.fill	Fox deals 50% additional damage to Stunned enemies.		stunnedDamageMultiplier:1.50
fox_stun_t3_1	Affliction Burst	sf:microbe.fill	When an enemy recovers from Stun, they take 2 Bleed, 2 Poison, and 2 Burn damage.		onEnemyStunRecoverApplyAfflictions:2
fox_stun_t3_2	Confounding Loot	sf:hand.pinch.fill	Critical Hits against Stunned enemies steal 3 Gold.		criticalVsStunnedEnemyGold:3
knight_stun_t4_1	Lightning Rod	sf:bolt.fill	Stun damage is increased by half your Block		lightningRod:true
bear_stun_t4_1	Seismic Reversal	sf:arrow.uturn.backward	When your Block breaks, return absorbed damage as Stun		seismicReversal:true
knight_holy_t4_1	Sunwall	sf:shield.fill	Holy damage has a 10% chance to grant equal Block to your Companion		sunwallChancePercent:0.10
pixie_holy_t4_1	Unbroken Vow	sf:checkmark.seal.fill	Block lets Holy damage ignore Block and Dodge.		unbrokenVow:true
wolf_physical_t4_1	Stored Impact	sf:shield.fill	Blocked damage empowers your next Physical attack.		storedImpact:true
bear_physical_t4_1	Battering Ram	sf:hammer.fill	Your first Physical attack each turn gains half your Block as damage		firstPhysicalAttackBlockDamagePercent:0.5
library_owl_holy_t4_1	Interdict	sf:nosign	Purging with Holy prevents that positive status effect from returning next turn		interdict:true
shield_scarab_holy_t4_1	Crownfall	sf:crown.fill	Purging deals 3 Holy damage per effect.		crownfall:true
ranger_poison_t4_1	Toxic Transfusion	sf:eyedropper	Companion Critical Hits double your next Poison attack		toxicTransfusion:true
risen_skeleton_physical_t4_1	Pressure Point	sf:scope	Critical Hits against Poisoned enemies deal double Physical damage.		pressurePoint:true
rogue_gold_t4_1	Bounty Blade	sf:burst.fill	Stealing Gold adds 3 damage to your next Physical attack		goldStealNextPhysicalBonus:3
golden_retriever_gold_t4_1	War Chest	sf:circle.circle.fill	Your ally gains Critical Hit chance equal to Gold gained this combat		allyCriticalChancePerCombatGold:0.01
wizard_mana_t4_1	Frost Circuit	sf:bolt.horizontal.fill	Freeze Critical Hits restore 1 Mana		freezeCriticalRestoreMana:1
warlock_mana_t4_1	Void Focus	sf:moon.stars.fill	At 0 Mana, Burn damage is increased by 25%		zeroManaBurnMultiplier:1.25
rogue_poison_t4_1	Nerve Agent	sf:microbe.fill	Poisoned enemies take 25% more Stun build-up		poisonedEnemyStunBuildupMultiplier:1.25
lizard_scout_poison_t4_1	Toxic Coma	sf:moon.fill	Stunned enemies take 20% increased Poison damage		poisonDamageVsStunnedMultiplier:1.20
ranger_bleed_t4_1	Shatterpoint	sf:burst.fill	Stunning a Bleeding enemy doubles its next Bleed damage		shatterpoint:true
rogue_bleed_t4_1	Septic Wound	sf:microbe.fill	Bleed lasts 1 extra turn on Poisoned enemies		bleedDurationVsPoisonedBonus:1
lizard_scout_poison_t4_2	Cross-Contamination	sf:arrow.triangle.merge	Bleed Critical Hits also deal 4 Poison damage		bleedCriticalPoisonDamage:4
wolf_bleed_t4_1	Septicemia	sf:drop.fill	Poisoned enemies take double Bleed damage.		septicemia:true
wolf_dodge_t4_1	Phantom Counter	sf:arrow.uturn.backward	Dodging draws and plays a Physical card.		phantomCounter:true
fox_dodge_t4_1	Perfect Tempo	sf:metronome.fill	Physical Critical Hits make you Dodge the next attack.		perfectTempo:true
pixie_cleanse_t4_1	Purifying Waters	sf:water.waves	Cleansing restores 4 Health per effect.		purifyingWaters:true
phoenix_health_t4_1	Clean Slate	sf:eraser.fill	Excess Health restoration Cleanses 1 negative status effect		cleanSlate:true
ranger_burn_t4_1	Firebrand	sf:flame.fill	Companion attacks gain +15% Critical chance against Burning enemies		companionCriticalVsBurningBonus:0.15
wizard_burn_t4_1	Backdraft	sf:wind	Burning enemies take 25% increased Critical Hit damage		criticalDamageVsBurningMultiplier:1.25
warlock_burn_t4_1	Ashen Arsenal	sf:burst.fill	Burn attacks that Critically Hit draw a card		burnAttackCritDrawCard:true
phoenix_burn_t4_1	Furnace Rhythm	sf:repeat	Burn Critical Hits restore 3 Mana		burnCriticalRestoreMana:3
lizard_scout_bleed_t4_1	Butcher’s Cut	sf:square.and.pencil	Enemies below half Health take 30% increased Bleed damage		bleedDamageBelowHalfMultiplier:1.3
panther_bleed_t4_1	Arterial Cascade	sf:drop.fill	Critical Hits detonate Bleed		arterialCascade:true
wolf_bleed_t4_2	Bloodrush	sf:waveform.path.ecg	Bleed ticks have a 20% chance to draw a Physical card.		bleedTickDrawChancePercent:0.2
panther_bleed_t4_2	Redline	sf:gauge.with.needle.fill	Dropping below half Health doubles your next Bleed attack		belowHalfHealthNextBleedDouble:true
knight_block_t4_1	Stalwart Oath	sf:checkmark.shield.fill	Below half Health, Block absorbs 50% more damage		blockAbsorptionMultiplierBelowHalfHealth:1.5
bear_block_t4_1	Aftershock Guard	sf:mountain.2.fill	Stunning an enemy doubles your next Block gain		stunNextBlockGainMultiplier:2
golden_retriever_block_t4_1	Shield Relay	sf:arrow.left.arrow.right	When your Block breaks, your ally gains 2 Block		blockBreakAllyBlockFlat:2
wizard_freeze_t4_1	Glacial Reprieve	sf:snowflake	Damage you Block is returned as Freeze		glacialReprieve:true
mana_moth_burn_t4_1	Steam Explosion	sf:burst.fill	Your Freeze cards consume Burn for equal additional Freeze damage.		steamExplosion:true
mana_moth_burn_t4_2	Frostfire	sf:sun.snow.fill	Burn damage deals half as much Freeze damage.		frostfire:true
frost_whelp_freeze_t4_1	Winter’s Dominion	sf:sun.snow.fill	Freezing an enemy draws a card		onFreezeEnemyDrawCard:true
warlock_burn_t4_2	Temper Cycle	sf:repeat	Burn attacks add 1 bonus damage to your next Bleed attack		burnPreparesBleedDamageBonus:1
alchemist_poison_t1_1	Reactive Coating	sf:asterisk	Poison Critical Hits deal 2 additional damage		poisonCriticalDamageBonus:2
alchemist_poison_t1_2	Safe Handling	sf:hand.raised.fill	Poison attacks ignore enemy Thorns		safeHandling:true
alchemist_poison_t2_1	Reactive Sediment	sf:flask.fill	Burning enemies take 25% increased Poison damage		poisonVsBurningMultiplier:1.25
alchemist_poison_t2_2	Spent Reagents	sf:flask.fill	Poison fading completely restores 2 Mana		poisonExpiryManaRestore:2
alchemist_poison_t3_1	Dissolving Fumes	sf:cloud.fog.fill	Poison deals 50% more damage to enemy Block		poisonDamageVsBlockMultiplier:1.5
alchemist_poison_t3_2	Unstable Culture	sf:microbe.fill	When Poison fades, your next Poison attack deals double damage		unstableCulture:true
alchemist_poison_t4_1	Sealed Vial	sf:flask.fill	Your first Poison attack each combat deals double damage		sealedVial:true
alchemist_cleanse_t1_1	Clear Solution	sf:flask.fill	Abilities that restore Health also Cleanse 1 negative status effect		clearSolution:true
alchemist_cleanse_t1_2	Fresh Batch	sf:flask.fill	Cleansing a negative status effect restores 2 Health		freshBatch:true
alchemist_cleanse_t2_1	Heat Recovery	sf:thermometer.sun.fill	Cleansing Burn adds 2 damage to your next Burn attack		heatRecovery:true
alchemist_cleanse_t2_2	Antitoxin Coating	sf:asterisk	Cleansing Poison prevents Poison for 1 turn		antitoxinCoating:true
alchemist_cleanse_t3_1	Clear Mind	sf:brain.head.profile	Cleansing an ally reduces your next Mana empowerment cost by 1		clearMind:true
alchemist_cleanse_t3_2	Clean Break	sf:sparkles	Cleansing an ally’s last negative status effect draws a card		cleanBreak:true
alchemist_cleanse_t4_1	Perfect Purity	sf:sparkles	Cleanse grants its target 1 turn of negative status immunity		perfectPurity:true
alchemist_health_t1_1	Fortifying Tonic	sf:flask.fill	Allies below half Health restore 2 additional Health		fortifyingTonic:true
alchemist_health_t1_2	Lifeline	sf:eyedropper	Restoring Health has a 10% chance to draw a card		healthRestoreDrawChancePercent:0.10
alchemist_health_t2_1	Cooling Salve	sf:snowflake	Restoring Health also Cleanses Burn		coolingSalve:true
alchemist_health_t2_2	Reclaimed Reagents	sf:arrow.3.trianglepath	Half of excess Health restoration becomes Block		overhealToBlockPercent:0.5
alchemist_health_t3_1	Shared Prescription	sf:heart.fill	Excess Health restoration heals your ally		sharedPrescription:true
alchemist_health_t3_2	Volatile Remedy	sf:cloud.fog.fill	Restoring Health adds 2 damage to your next Poison attack		healthRestoreNextPoisonBonus:2
alchemist_health_t4_1	Masterwork Mixture	sf:flask.fill	Restoring Health has a 10% chance to also restore Mana		healthRestoreManaChancePercent:0.10
druid_health_t1_1	Spring Sap	sf:leaf.fill	Allies with Thorns restore 2 additional Health		springSapHealthBonus:2
druid_health_t1_2	Pruning Touch	sf:scissors	Restoring Health removes 2 enemy Thorns		pruningHealthRemoveEnemyThorns:2
druid_health_t2_1	Quiet Grove	sf:tree.fill	Allies at full Health gain +10% Dodge		quietGroveDodgeAtFullHealth:0.10
druid_health_t2_2	Shelter Seed	sf:leaf.fill	Restoring Health to allies below half Health grants 3 Block		shelterSeedBlock:3
druid_health_t3_1	Cleansing Dew	sf:drop.fill	Restoring Health also Cleanses Poison		cleansingDew:true
druid_health_t3_2	Shared Roots	sf:tree.fill	Healing your Companion also restores half as much of your Health		sharedRootsHealPercent:0.5
druid_health_t4_1	Verdant Shelter	sf:asterisk	Allies with Thorns take 25% less damage above half Health		verdantShelterDamageMultiplier:0.75
druid_poison_t1_1	Barbed Spores	sf:asterisk	Poisoned enemies take 25% increased Thorns damage		barbedSporesThornsVsPoisonedMultiplier:1.25
druid_poison_t1_2	Living Bark	sf:tree.fill	Take half Poison damage while you have Thorns		livingBark:true
druid_poison_t2_1	Cool Moss	sf:leaf.fill	Poisoned enemies take 1 additional Freeze damage		coolMossFreezeBonus:1
druid_poison_t2_2	Returning Bloom	sf:camera.macro	Poison fading completely restores 3 Health to your Companion		returningBloomHeal:3
druid_poison_t3_1	Root Passage	sf:point.topleft.down.to.point.bottomright.curvepath	Poison attacks ignore enemy Block		rootPassage:true
druid_poison_t3_2	Entangling Growth	sf:leaf.fill	Poisoned enemies take 25% more Stun build-up		poisonedEnemyStunBuildupMultiplier:1.25
druid_poison_t4_1	Thorn Shedding	sf:leaf.fill	Allied Thorns deal Poison instead of Physical damage		thornShedding:true
druid_mana_t1_1	Arcane Thorns	sf:asterisk	Restoring Mana grants 2 Thorns		arcaneThornsOnManaRestore:2
druid_mana_t1_2	Barkweave	sf:leaf.fill	Mana empowerment grants 2 Block		barkweaveOnEmpowerBlock:2
druid_mana_t2_1	Grove Reserve	sf:tree.fill	With unspent Mana, your Companion gains +10% Dodge		groveReserveCompanionDodgeBonus:0.10
druid_mana_t2_2	Living Conduit	sf:leaf.fill	Excess Mana restored is converted into Thorns		livingConduit:true
druid_mana_t3_1	Shared Current	sf:waveform	Mana empowerment adds 2 damage to your Companion’s next attack		sharedCurrentCompanionNextAttackBonus:2
druid_mana_t3_2	Deep Roots	sf:tree.fill	Restore 1 additional Mana while you have Thorns		deepRoots:true
druid_mana_t4_1	Grove Accord	sf:tree.fill	Both allies spending Mana in the same turn grants each 1 Thorns.		groveAccord:true
wildcard_gold_t1_1	Consolation Prize	sf:gift.fill	Gain 3 Gold the first time an enemy fully Blocks your attack		blockedAttackFirstGold:3
wildcard_gold_t1_2	Health is Wealth	sf:heart.fill	Gaining Gold has a 10% chance to restore 3 Health		goldGainHealChancePercent:0.10|goldGainHealAmount:3
wildcard_gold_t2_1	Jackpot	sf:rectangle.3.group.fill	Critical Hits that steal Gold grant 5 additional Gold		criticalGoldTheftBonus:5
wildcard_gold_t2_2	Lucky Charm	sf:suit.club.fill	Gaining Gold has a 20% chance to Cleanse 1 negative status effect		goldGainCleanseChancePercent:0.20
wildcard_gold_t3_1	Last Wager	sf:die.face.5.fill	Gaining Gold while below half Health draws a card		goldGainBelowHalfDrawCard:true
wildcard_gold_t3_2	Sleight of Coin	sf:hand.pinch.fill	Stealing Gold grants +15% Dodge until your next turn		goldTheftDodgeBonus:0.15
wildcard_gold_t4_1	Lucky Break	sf:suit.club.fill	Gaining Gold has a 10% chance to draw a card		goldGainDrawChancePercent:0.10
wildcard_dodge_t1_1	False Opening	sf:burst.fill	Dodging grants +20% Critical Hit chance on your next attack		dodgeNextAttackCritBonus:0.20
wildcard_dodge_t1_2	Missed Opportunity	sf:shield.lefthalf.filled	Dodging below half Health draws a card		dodgeBelowHalfDrawCard:true
wildcard_dodge_t2_1	Passing Luck	sf:suit.club.fill	Dodging makes your Companion’s next attack Critically Hit		passingLuck:true
wildcard_dodge_t2_2	Scattered Caltrops	sf:asterisk	Dodging has a 20% chance to deal 3 Bleed damage		dodgeBleedChancePercent:0.20|dodgeBleedDamage:3
wildcard_dodge_t3_1	Smoke Trick	sf:cloud.fog.fill	Dodging has a 20% chance to deal 3 Burn damage		dodgeBurnChancePercent:0.20|dodgeBurnDamage:3
wildcard_dodge_t3_2	Improving Odds	sf:chart.bar.xaxis	Each undodged attack increases your Dodge chance by 5%. Dodging resets this bonus.		improvingOdds:true
wildcard_dodge_t4_1	Blind Spot	sf:eye.slash.fill	Dodging makes your next Physical attack ignore enemy Block		blindSpot:true
wildcard_physical_t1_1	Prismatic Edge	sf:burst.fill	Physical attacks have a 10% chance to deal 3 Burn or Freeze damage		physicalElementChancePercent:0.10|physicalElementDamage:3
wildcard_physical_t1_2	Standard Deviation	sf:burst.fill	Physical damage you deal is either doubled or halved		standardDeviation:true
wildcard_physical_t2_1	Clean Cut	sf:burst.fill	Physical Critical Hits ignore enemy Block		cleanCut:true
wildcard_physical_t2_2	Cracked Guard	sf:shield.slash.fill	Breaking enemy Block with Physical damage makes your next attack Critically Hit		crackedGuard:true
wildcard_physical_t3_1	Cold Read	sf:eye.fill	Physical attacks against Frozen enemies gain +15% Critical Hit chance		physicalVsFrozenCritBonus:0.15
wildcard_physical_t3_2	Feigned Miss	sf:theatermasks.fill	An enemy fully Blocking your attack doubles your next Physical attack		blockedAttackNextPhysicalDouble:true
wildcard_physical_t4_1	Paid in Full	sf:circle.circle.fill	Stealing Gold adds 2 damage to your next Physical attack		goldStealNextPhysicalBonus:2
warlock_leech_t4_1	Emberdrinker	sf:flame.fill	Burn damage gains Leech		burnDamageLeech:true
frost_whelp_mana_t4_1	Dragon’s Patronage	sf:person.2.fill	Mana empowerment grants your ally 2 Block		manaEmpowerAllyBlock:2
frost_whelp_dodge_t4_1	Winter’s Wake	sf:cloud.snow.fill	Dodging makes your next Freeze attack ignore enemy Block		dodgeNextFreezeIgnoreBlock:true
lizard_scout_gold_t4_1	Shared Spoils	sf:hand.pinch.fill	Stealing Gold restores 2 Health to your ally		goldTheftHealAllyFlat:2
panther_leech_t4_1	Blood Feast	sf:waveform.path.ecg	Bleed Critical Hits gain Leech		bleedCriticalHasLeech:true
panther_dodge_t4_1	Killing Grace	sf:pawprint.fill	Gain Critical Hit chance equal to half your Dodge chance		killingGrace:true
phoenix_deathsdoor_t4_1	Undying Ember	sf:flame.fill	Burn damage gains Leech while you're on Death's Door		undyingEmber:true
golden_retriever_health_t4_1	Contagious Joy	sf:face.smiling.fill	Excess Health restoration on you is shared with your ally		excessHealthShareAlly:true
library_owl_cleanse_t4_1	Lesson Learned	sf:book.closed.fill	Cleansed effects cannot return until your next turn.		lessonLearned:true
library_owl_health_t4_1	Living Archive	sf:books.vertical.fill	Restoring Health has a 10% chance to grant 3 Thorns		healthRestoreThornsChancePercent:0.10|healthRestoreThornsAmount:3
risen_skeleton_leech_t4_1	Marrowmend	sf:cross.case.fill	Your excess Leech healing becomes Block, up to 6.		marrowmend:true
risen_skeleton_deathsdoor_t4_1	Borrowed Life	sf:hourglass.bottomhalf.filled	Your Physical damage Leeches Health while on Death’s Door.		borrowedLife:true
mana_moth_mana_t4_1	Prismatic Scales	sf:diamond.fill	Your Mana empowerment deals both Burn and Freeze damage.		prismaticScales:true
mana_moth_freeze_t4_1	Ghostfrost	sf:snowflake	Your Freeze damage ignores enemy Block.		ghostfrost:true
pixie_health_t4_1	Wishspring	sf:wand.and.stars	Your overhealing restores half as much Mana.		wishspring:true
shield_scarab_block_t4_1	Sealed Sarcophagus	sf:lock.shield.fill	Your Block cannot be stolen or Purged.		sealedSarcophagus:true
shield_scarab_stun_t4_1	Resonant Shell	sf:waveform	Your Thorns deal Stun damage instead of Physical damage.		resonantShell:true
fox_gold_t4_1	Light-Fingered	sf:hand.pinch.fill	Gaining Gold steals an equal amount of enemy Block.		lightFingered:true
fox_stun_t4_1	Stolen Thunder	sf:bolt.fill	Your Stun attacks spend Block for equal bonus damage.		stolenThunder:true
